,loss,output_0_loss,output_1_loss,output_2_loss,output_3_loss,output_4_loss,output_5_loss,output_0_categorical_crossentropy,output_0_softmax_rsme,output_0_argmax_rsme,output_0_class_softmax_rmse_0,output_1_categorical_crossentropy,output_1_softmax_rsme,output_1_argmax_rsme,output_1_class_softmax_rmse_0,output_2_categorical_crossentropy,output_2_softmax_rsme,output_2_argmax_rsme,output_2_class_softmax_rmse_0,output_3_categorical_crossentropy,output_3_softmax_rsme,output_3_argmax_rsme,output_3_class_softmax_rmse_0,output_4_categorical_crossentropy,output_4_softmax_rsme,output_4_argmax_rsme,output_4_class_softmax_rmse_0,output_5_categorical_crossentropy,output_5_softmax_rsme,output_5_argmax_rsme,output_5_class_softmax_rmse_0
0,6.125710430145264,1.2890204191207886,1.1189887523651123,1.0664008855819702,0.9125528931617737,0.7191122174263,1.0196349620819092,1.2890204191207886,1.3165876865386963,1.5350292921066284,1.4443033933639526,1.1189887523651123,1.5291966199874878,1.8896162509918213,1.7837797403335571,1.0664008855819702,1.643853783607483,1.914249300956726,2.1999971866607666,0.9125528931617737,1.6529947519302368,2.0046169757843018,1.9263783693313599,0.7191122174263,1.258541464805603,1.308568000793457,2.2362170219421387,1.0196349620819092,1.617228388786316,1.9471029043197632,1.8391404151916504
1,3.5530208841959636,0.8213552832603455,0.7285370230674744,0.5324153900146484,0.4963326156139374,0.38562214374542236,0.5887588262557983,0.8213552832603455,0.931736171245575,1.1719108819961548,1.1167640686035156,0.7285370230674744,1.1449576616287231,1.4485152959823608,1.4549726247787476,0.5324153900146484,1.0729100704193115,1.3111196756362915,1.8372206687927246,0.4963326156139374,0.9789222478866577,1.1482454538345337,1.2440754175186157,0.38562214374542236,0.8136028051376343,0.8924288153648376,2.1746628284454346,0.5887588262557983,0.9733067750930786,1.1714214086532593,1.2841593027114868
2,2.911941264470418,0.6354572772979736,0.5749238133430481,0.44043558835983276,0.42476028203964233,0.3581239879131317,0.4782401919364929,0.6354572772979736,0.8052747845649719,0.9823417067527771,0.9753676056861877,0.5749238133430481,0.9287328124046326,1.1543960571289062,1.1933459043502808,0.44043558835983276,0.9263717532157898,1.1447030305862427,1.6569068431854248,0.42476028203964233,0.8035157918930054,0.9186250567436218,1.0421061515808105,0.3581239879131317,0.7571771144866943,0.8580536842346191,2.0444626808166504,0.4782401919364929,0.8138905763626099,1.0025731325149536,1.10401451587677
3,2.410021699269613,0.48729145526885986,0.4475410580635071,0.3615283966064453,0.3746510446071625,0.31455403566360474,0.4244556725025177,0.48729145526885986,0.7460088133811951,0.9185221195220947,0.872062087059021,0.4475410580635071,0.8288883566856384,0.9948069453239441,1.103372573852539,0.3615283966064453,0.8210896253585815,0.9824469089508057,1.4663500785827637,0.3746510446071625,0.7655993700027466,0.9009300470352173,0.9810986518859863,0.31455403566360474,0.7029212117195129,0.8048773407936096,1.905460000038147,0.4244556725025177,0.7475751638412476,0.9021521806716919,1.0248661041259766
4,1.9870387570063273,0.36111024022102356,0.35941389203071594,0.3019762933254242,0.32111796736717224,0.29221445322036743,0.3512057960033417,0.36111024022102356,0.6429318785667419,0.7513567805290222,0.7352421879768372,0.35941389203071594,0.7124233245849609,0.779569149017334,0.9529216289520264,0.3019762933254242,0.7553368806838989,0.9089418649673462,1.3248875141143799,0.32111796736717224,0.7029361724853516,0.8251408338546753,0.9147326946258545,0.29221445322036743,0.62876296043396,0.6826321482658386,1.6909873485565186,0.3512057960033417,0.693977415561676,0.8303124308586121,0.9439412355422974
5,1.731284130414327,0.2922631502151489,0.3192824721336365,0.2618160545825958,0.29119205474853516,0.24766695499420166,0.3190634548664093,0.2922631502151489,0.5904674530029297,0.6641503572463989,0.6419627666473389,0.3192824721336365,0.6853053569793701,0.7909740209579468,0.8851629495620728,0.2618160545825958,0.7076078057289124,0.8479875326156616,1.2010565996170044,0.29119205474853516,0.6637299656867981,0.7641009092330933,0.8830029368400574,0.24766695499420166,0.5237575173377991,0.5811849236488342,1.380608081817627,0.3190634548664093,0.662601113319397,0.7611225843429565,0.9141894578933716
6,1.47887690782547,0.23741406202316284,0.26448825001716614,0.22281312942504883,0.2549302875995636,0.23450739681720734,0.26472386717796326,0.23741406202316284,0.544400691986084,0.6129173040390015,0.587896466255188,0.26448825001716614,0.6057732701301575,0.6604939699172974,0.7990291714668274,0.22281312942504883,0.6387479305267334,0.7165877223014832,1.0888618230819702,0.2549302875995636,0.6208893060684204,0.7275804877281189,0.8161324858665466,0.23450739681720734,0.4869154989719391,0.529934823513031,1.2998236417770386,0.26472386717796326,0.6082118153572083,0.6646827459335327,0.8441842198371887
7,1.2793319924672444,0.19637857377529144,0.2221076637506485,0.204005628824234,0.22999481856822968,0.19802029430866241,0.22882501780986786,0.19637857377529144,0.5046404004096985,0.5314725041389465,0.5369707345962524,0.2221076637506485,0.5727221369743347,0.6292710304260254,0.7439205050468445,0.204005628824234,0.6189077496528625,0.6931051015853882,1.0589284896850586,0.22999481856822968,0.5776625275611877,0.6729110479354858,0.7677386403083801,0.19802029430866241,0.44322672486305237,0.4517645239830017,1.1706609725952148,0.22882501780986786,0.5666196346282959,0.6697129011154175,0.7683303952217102
8,1.1299747975667318,0.1565421223640442,0.19820190966129303,0.16965273022651672,0.20111404359340668,0.19066017866134644,0.21380378305912018,0.1565421223640442,0.43737858533859253,0.46197885274887085,0.4530238211154938,0.19820190966129303,0.5197523236274719,0.5575956106185913,0.6688253879547119,0.16965273022651672,0.5453410148620605,0.6045055389404297,0.948594331741333,0.20111404359340668,0.5350995063781738,0.6039871573448181,0.7146081924438477,0.19066017866134644,0.42480143904685974,0.43039077520370483,1.1513440608978271,0.21380378305912018,0.5546686053276062,0.6187862157821655,0.7561517953872681
9,1.0470301342010497,0.1384272575378418,0.19510620832443237,0.14967061579227448,0.19417211413383484,0.17128443717956543,0.19836953282356262,0.1384272575378418,0.4018210470676422,0.4118644595146179,0.4017465114593506,0.19510620832443237,0.526299238204956,0.5552201271057129,0.714260995388031,0.14967061579227448,0.49340006709098816,0.4990033507347107,0.8274730443954468,0.19417211413383484,0.5293770432472229,0.6311606764793396,0.6772974729537964,0.17128443717956543,0.40684831142425537,0.4368489682674408,1.0380688905715942,0.19836953282356262,0.5489718914031982,0.6121617555618286,0.7142481803894043
10,0.9505924550692241,0.12210655212402344,0.17267295718193054,0.13822412490844727,0.18069300055503845,0.15605749189853668,0.1808384209871292,0.12210655212402344,0.3971506655216217,0.4011080265045166,0.4147960841655731,0.17267295718193054,0.49285584688186646,0.5365216135978699,0.6408172845840454,0.13822412490844727,0.4861137866973877,0.5149560570716858,0.8474245071411133,0.18069300055503845,0.48929494619369507,0.5429661273956299,0.63906329870224,0.15605749189853668,0.37053871154785156,0.38072848320007324,0.9896883368492126,0.1808384209871292,0.5037081241607666,0.5612807273864746,0.6727079749107361
11,0.8716652361551921,0.10169854760169983,0.16637873649597168,0.12552118301391602,0.16861949861049652,0.13819542527198792,0.17125186324119568,0.10169854760169983,0.33563584089279175,0.32905107736587524,0.333040714263916,0.16637873649597168,0.4590848386287689,0.5020769834518433,0.6005154848098755,0.12552118301391602,0.45743072032928467,0.5032743811607361,0.8078176975250244,0.16861949861049652,0.490665078163147,0.5412432551383972,0.6583696603775024,0.13819542527198792,0.33634161949157715,0.36640042066574097,0.8919287919998169,0.17125186324119568,0.5051263570785522,0.5582801699638367,0.6763445734977722
12,0.7868816288312276,0.08987349271774292,0.14134304225444794,0.10075179487466812,0.16064484417438507,0.1366221159696579,0.1576463133096695,0.08987349271774292,0.3177419900894165,0.28969189524650574,0.29888537526130676,0.14134304225444794,0.42329132556915283,0.470458060503006,0.5593301653862,0.10075179487466812,0.40611571073532104,0.37992197275161743,0.6739176511764526,0.16064484417438507,0.47455063462257385,0.5421146154403687,0.6131242513656616,0.1366221159696579,0.3322034776210785,0.35012534260749817,0.8498384356498718,0.1576463133096695,0.47805821895599365,0.5411718487739563,0.6239717602729797
13,0.719668060541153,0.07831595838069916,0.132160946726799,0.10369472950696945,0.1440785825252533,0.12482166290283203,0.13659612834453583,0.07831595838069916,0.3187461197376251,0.3029831051826477,0.29744383692741394,0.132160946726799,0.3870248794555664,0.40896138548851013,0.4806534945964813,0.10369472950696945,0.40940985083580017,0.4079311490058899,0.6849571466445923,0.1440785825252533,0.44726186990737915,0.5058571696281433,0.5912147760391235,0.12482166290283203,0.3274136483669281,0.34341976046562195,0.8573017120361328,0.13659612834453583,0.45543813705444336,0.5073485374450684,0.5976570844650269
14,0.7017048120498657,0.06841658800840378,0.12713345885276794,0.09695915877819061,0.14295586943626404,0.1309070736169815,0.13533270359039307,0.06841658800840378,0.27632391452789307,0.22230949997901917,0.2645384669303894,0.12713345885276794,0.3797312080860138,0.37889841198921204,0.5179932117462158,0.09695915877819061,0.3842751681804657,0.3768284320831299,0.6558396220207214,0.14295586943626404,0.4463072717189789,0.5161223411560059,0.5745196342468262,0.1309070736169815,0.32749199867248535,0.3408740758895874,0.8634374141693115,0.13533270359039307,0.45046260952949524,0.5282423496246338,0.5750013589859009
15,0.6313312478860219,0.06373658031225204,0.12087512761354446,0.08648941665887833,0.1251850575208664,0.10653883963823318,0.12850627303123474,0.06373658031225204,0.30076465010643005,0.27956199645996094,0.2732442617416382,0.12087512761354446,0.3764629662036896,0.4130595624446869,0.5235801935195923,0.08648941665887833,0.3840879499912262,0.3887833058834076,0.657902717590332,0.1251850575208664,0.43756407499313354,0.49546295404434204,0.5781546235084534,0.10653883963823318,0.28818273544311523,0.30602118372917175,0.7321118116378784,0.12850627303123474,0.43652838468551636,0.4922638535499573,0.558824896812439
16,0.6393065690994263,0.06446997076272964,0.11957758665084839,0.08015912026166916,0.12713517248630524,0.11303684115409851,0.13492785394191742,0.06446997076272964,0.25769099593162537,0.24294151365756989,0.2672090530395508,0.11957758665084839,0.4021393954753876,0.43482574820518494,0.5234331488609314,0.08015912026166916,0.33351337909698486,0.32041728496551514,0.5415033102035522,0.12713517248630524,0.42912527918815613,0.501206636428833,0.5462276339530945,0.11303684115409851,0.3093401789665222,0.34453362226486206,0.7660036683082581,0.13492785394191742,0.4644739329814911,0.5353309512138367,0.5721073746681213
17,0.5618740304311116,0.053102996200323105,0.1023310199379921,0.07744371891021729,0.11349685490131378,0.1001380980014801,0.11536132544279099,0.053102996200323105,0.22864605486392975,0.20851974189281464,0.21006138622760773,0.1023310199379921,0.3595021367073059,0.3608899414539337,0.48327213525772095,0.07744371891021729,0.34773653745651245,0.3321360945701599,0.542614221572876,0.11349685490131378,0.4076691269874573,0.46307307481765747,0.5160838961601257,0.1001380980014801,0.2673923969268799,0.2935184836387634,0.6649133563041687,0.11536132544279099,0.41984060406684875,0.4699772000312805,0.504918098449707
18,0.5607022555669149,0.04437391087412834,0.09592578560113907,0.08616234362125397,0.11179091036319733,0.10241258144378662,0.12003673613071442,0.04437391087412834,0.21607816219329834,0.189634308218956,0.20354963839054108,0.09592578560113907,0.3415128290653229,0.37163153290748596,0.4654342234134674,0.08616234362125397,0.3525172472000122,0.34001779556274414,0.578298807144165,0.11179091036319733,0.3917422890663147,0.44088882207870483,0.5158758759498596,0.10241258144378662,0.2967302203178406,0.3505038022994995,0.7289977073669434,0.12003673613071442,0.43378353118896484,0.46757787466049194,0.5467811226844788
19,0.5415983245770136,0.05088488757610321,0.09924229234457016,0.07511579990386963,0.11136343330144882,0.09183044731616974,0.11316141486167908,0.05088488757610321,0.23061609268188477,0.20780912041664124,0.2327347844839096,0.09924229234457016,0.34058284759521484,0.3865789473056793,0.4631241261959076,0.07511579990386963,0.30457165837287903,0.2853673994541168,0.4938724637031555,0.11136343330144882,0.39608365297317505,0.4214560091495514,0.4950277805328369,0.09183044731616974,0.2687467932701111,0.3027017116546631,0.682664155960083,0.11316141486167908,0.41767337918281555,0.48627549409866333,0.5263111591339111
20,0.476954952677091,0.04238148406147957,0.0829630121588707,0.0645543783903122,0.10362852364778519,0.08558175712823868,0.09784577786922455,0.04238148406147957,0.2146928459405899,0.16783155500888824,0.20724263787269592,0.0829630121588707,0.30184078216552734,0.29916882514953613,0.41590365767478943,0.0645543783903122,0.3049106001853943,0.2784772217273712,0.5003747344017029,0.10362852364778519,0.3935725688934326,0.4428436756134033,0.4902370572090149,0.08558175712823868,0.2533647418022156,0.281745582818985,0.6109246611595154,0.09784577786922455,0.39700108766555786,0.45524927973747253,0.49787622690200806
21,0.48392334779103596,0.04703855514526367,0.08074836432933807,0.06508585065603256,0.10216142982244492,0.08648842573165894,0.10240070521831512,0.04703855514526367,0.2087973654270172,0.18662379682064056,0.17950382828712463,0.08074836432933807,0.295945942401886,0.31687429547309875,0.3837120532989502,0.06508585065603256,0.3051283359527588,0.2979458272457123,0.48974379897117615,0.10216142982244492,0.36838454008102417,0.4080691635608673,0.4900716245174408,0.08648842573165894,0.2565852105617523,0.2671467065811157,0.6250758767127991,0.10240070521831512,0.4065273106098175,0.44897180795669556,0.4987185597419739
22,0.45038368384043376,0.03612644597887993,0.07657700031995773,0.06300458312034607,0.0939069539308548,0.08097989857196808,0.09978881478309631,0.03612644597887993,0.22724910080432892,0.21592162549495697,0.21372546255588531,0.07657700031995773,0.2918197512626648,0.30888721346855164,0.38740381598472595,0.06300458312034607,0.27186039090156555,0.26187631487846375,0.4524460434913635,0.0939069539308548,0.3522699177265167,0.38948604464530945,0.47110769152641296,0.08097989857196808,0.2664727568626404,0.3012520372867584,0.6623977422714233,0.09978881478309631,0.4034147262573242,0.45669692754745483,0.4889848828315735
23,0.4211667541662852,0.03712788224220276,0.07388229668140411,0.05930178239941597,0.09005990624427795,0.0740463063120842,0.08674855530261993,0.03712788224220276,0.1901373565196991,0.14737306535243988,0.18193522095680237,0.07388229668140411,0.2927948236465454,0.30025148391723633,0.4019187092781067,0.05930178239941597,0.2880176901817322,0.27529969811439514,0.44725584983825684,0.09005990624427795,0.34844598174095154,0.3625939190387726,0.43118640780448914,0.0740463063120842,0.2536214590072632,0.27929428219795227,0.5887994170188904,0.08674855530261993,0.37825262546539307,0.4324199855327606,0.45929229259490967
24,0.4237208666404088,0.034848522394895554,0.07077519595623016,0.06184898316860199,0.09374316036701202,0.07243660092353821,0.09006837755441666,0.034848522394895554,0.17354129254817963,0.14692817628383636,0.145382359623909,0.07077519595623016,0.2933606803417206,0.30599480867385864,0.3897882401943207,0.06184898316860199,0.2706703841686249,0.27263009548187256,0.4339847266674042,0.09374316036701202,0.37523943185806274,0.4147900640964508,0.4744022488594055,0.07243660092353821,0.2479299157857895,0.28400135040283203,0.6150070428848267,0.09006837755441666,0.36952391266822815,0.4025905430316925,0.4553683400154114
25,0.4099094194173813,0.04041392728686333,0.07804007083177567,0.051835522055625916,0.08250220865011215,0.06841303408145905,0.08870463073253632,0.04041392728686333,0.18239231407642365,0.16763758659362793,0.15812072157859802,0.07804007083177567,0.2887551188468933,0.33849430084228516,0.3998335599899292,0.051835522055625916,0.25073060393333435,0.233140766620636,0.40414318442344666,0.08250220865011215,0.3416459560394287,0.3678559362888336,0.440157026052475,0.06841303408145905,0.23312830924987793,0.24506668746471405,0.5660423636436462,0.08870463073253632,0.38098666071891785,0.4181446135044098,0.4749618470668793
26,0.40367627700169884,0.0405643954873085,0.06389474868774414,0.05163959041237831,0.0865011140704155,0.06483617424964905,0.09624022245407104,0.0405643954873085,0.188387930393219,0.16601069271564484,0.15346118807792664,0.06389474868774414,0.26377955079078674,0.2810490131378174,0.3563777208328247,0.05163959041237831,0.2401910424232483,0.19890250265598297,0.3932783901691437,0.0865011140704155,0.3548295199871063,0.3817801773548126,0.44616302847862244,0.06483617424964905,0.2164347618818283,0.22680772840976715,0.486474871635437,0.09624022245407104,0.3684246242046356,0.37549611926078796,0.45499464869499207
27,0.36902288456757865,0.03462562710046768,0.06680625677108765,0.047042518854141235,0.07599949091672897,0.06322478502988815,0.08132418245077133,0.03462562710046768,0.17040815949440002,0.14106959104537964,0.17265254259109497,0.06680625677108765,0.2727750241756439,0.26231464743614197,0.37028661370277405,0.047042518854141235,0.23846226930618286,0.23728634417057037,0.3830758035182953,0.07599949091672897,0.3334468603134155,0.3627876341342926,0.41681021451950073,0.06322478502988815,0.2258845567703247,0.22363825142383575,0.5310512185096741,0.08132418245077133,0.35199907422065735,0.3895324170589447,0.4537411034107208
28,0.3600100459655126,0.03354492411017418,0.059231434017419815,0.04797732084989548,0.07985103875398636,0.059927571564912796,0.07947772741317749,0.03354492411017418,0.17265568673610687,0.13605235517024994,0.1700907200574875,0.059231434017419815,0.246986523270607,0.24983830749988556,0.34198683500289917,0.04797732084989548,0.23142515122890472,0.20672960579395294,0.36176007986068726,0.07985103875398636,0.3328520953655243,0.36037859320640564,0.4220990836620331,0.059927571564912796,0.21908587217330933,0.24142096936702728,0.49727457761764526,0.07947772741317749,0.3557709753513336,0.39754870533943176,0.4133963882923126
29,0.341415752073129,0.031016159802675247,0.060151245445013046,0.04411082714796066,0.07337740063667297,0.059799619019031525,0.07296048104763031,0.031016159802675247,0.14806197583675385,0.13050433993339539,0.1307411640882492,0.060151245445013046,0.25129446387290955,0.2658410668373108,0.35108768939971924,0.04411082714796066,0.2267799824476242,0.23398594558238983,0.36820533871650696,0.07337740063667297,0.3342757821083069,0.3608694076538086,0.42153385281562805,0.059799619019031525,0.21742917597293854,0.23961730301380157,0.5543062090873718,0.07296048104763031,0.34158647060394287,0.36265021562576294,0.4446850121021271
30,0.32984670092662177,0.0288072619587183,0.056540004909038544,0.04777519032359123,0.0755513533949852,0.051724012941122055,0.06944888085126877,0.0288072619587183,0.1489582061767578,0.12773285806179047,0.12735332548618317,0.056540004909038544,0.24954096972942352,0.25904420018196106,0.34323352575302124,0.04777519032359123,0.2436673939228058,0.23828613758087158,0.4000379741191864,0.0755513533949852,0.31198665499687195,0.3114696145057678,0.3790733814239502,0.051724012941122055,0.1898844987154007,0.19647426903247833,0.44972920417785645,0.06944888085126877,0.3136490285396576,0.31790658831596375,0.3585939109325409
31,0.33997869153817495,0.0358416773378849,0.056945811957120895,0.04756544902920723,0.07135853171348572,0.05697169154882431,0.07129549980163574,0.0358416773378849,0.16506466269493103,0.12442794442176819,0.15366670489311218,0.056945811957120895,0.2395893931388855,0.23412981629371643,0.3242458999156952,0.04756544902920723,0.21511150896549225,0.21239830553531647,0.34061697125434875,0.07135853171348572,0.31013891100883484,0.360421359539032,0.38692694902420044,0.05697169154882431,0.21180647611618042,0.20457549393177032,0.4758921265602112,0.07129549980163574,0.3301834464073181,0.32509949803352356,0.39826369285583496
32,0.31560044328371684,0.028507092967629433,0.05228035897016525,0.04217410832643509,0.06857038289308548,0.049885284155607224,0.07418321073055267,0.028507092967629433,0.14623521268367767,0.12827657163143158,0.1167423352599144,0.05228035897016525,0.25326237082481384,0.2703200578689575,0.3549031913280487,0.04217410832643509,0.2239556610584259,0.20638242363929749,0.35423487424850464,0.06857038289308548,0.30700933933258057,0.3184994161128998,0.37267768383026123,0.049885284155607224,0.18971723318099976,0.19841380417346954,0.4501160681247711,0.07418321073055267,0.35057923197746277,0.39905640482902527,0.41193410754203796
33,0.3262652532756329,0.03485194221138954,0.054492950439453125,0.048605531454086304,0.07151485979557037,0.04891611263155937,0.06788384914398193,0.03485194221138954,0.1755400002002716,0.1463000327348709,0.16676723957061768,0.054492950439453125,0.23042379319667816,0.20802029967308044,0.3313145339488983,0.048605531454086304,0.25982049107551575,0.2680562138557434,0.3873664438724518,0.07151485979557037,0.29789218306541443,0.28925949335098267,0.3849780261516571,0.04891611263155937,0.1989462971687317,0.21573008596897125,0.4739798605442047,0.06788384914398193,0.3225770592689514,0.3374364376068115,0.4000924825668335
34,0.28572467585404715,0.02243664674460888,0.04956496134400368,0.04127609357237816,0.06254469603300095,0.045567214488983154,0.06433505564928055,0.02243664674460888,0.13884325325489044,0.09059985727071762,0.11083684116601944,0.04956496134400368,0.23046918213367462,0.23339414596557617,0.31421610713005066,0.04127609357237816,0.21529705822467804,0.21886497735977173,0.34633752703666687,0.06254469603300095,0.28621169924736023,0.2936084568500519,0.3650466799736023,0.045567214488983154,0.19660191237926483,0.22855143249034882,0.46687236428260803,0.06433505564928055,0.33885830640792847,0.3659677505493164,0.408582866191864
35,0.30488104532162347,0.029980214312672615,0.05215006694197655,0.04048192501068115,0.06982816755771637,0.047818105667829514,0.06462255865335464,0.029980214312672615,0.15637844800949097,0.14184410870075226,0.14296723902225494,0.05215006694197655,0.23762141168117523,0.22545835375785828,0.3060157597064972,0.04048192501068115,0.2016606628894806,0.1898907721042633,0.3021972179412842,0.06982816755771637,0.3065432012081146,0.3234861195087433,0.38366878032684326,0.047818105667829514,0.19187316298484802,0.1951497197151184,0.4241795837879181,0.06462255865335464,0.3430842161178589,0.3747073709964752,0.4314187169075012
36,0.29114510118961334,0.030500520020723343,0.05026068538427353,0.04571900889277458,0.0666220635175705,0.03991032764315605,0.05813246965408325,0.030500520020723343,0.15396621823310852,0.12937521934509277,0.139777272939682,0.05026068538427353,0.24145616590976715,0.23587213456630707,0.32205939292907715,0.04571900889277458,0.2201654613018036,0.2297726720571518,0.3586764633655548,0.0666220635175705,0.2985813617706299,0.3318328261375427,0.41331928968429565,0.03991032764315605,0.17690509557724,0.17908623814582825,0.384640634059906,0.05813246965408325,0.30981898307800293,0.3339463472366333,0.3717677593231201
37,0.2586161293586095,0.02489054575562477,0.045444052666425705,0.034917328506708145,0.05906939134001732,0.03815464675426483,0.05614018812775612,0.02489054575562477,0.1489521712064743,0.12777608633041382,0.14462275803089142,0.045444052666425705,0.22562843561172485,0.22899095714092255,0.29181185364723206,0.034917328506708145,0.2128305435180664,0.211215540766716,0.2992815375328064,0.05906939134001732,0.289285272359848,0.28726673126220703,0.36464181542396545,0.03815464675426483,0.16923700273036957,0.15428823232650757,0.394804984331131,0.05614018812775612,0.2874157130718231,0.28348034620285034,0.37149137258529663
38,0.2678566416352987,0.02293255366384983,0.047130193561315536,0.03452263027429581,0.06479445099830627,0.03710714355111122,0.06136968731880188,0.02293255366384983,0.12612538039684296,0.10249596834182739,0.11398673802614212,0.047130193561315536,0.21698155999183655,0.20104648172855377,0.3135930001735687,0.03452263027429581,0.19529715180397034,0.1921367347240448,0.304582417011261,0.06479445099830627,0.28757748007774353,0.30715233087539673,0.37215089797973633,0.03710714355111122,0.17196251451969147,0.15366220474243164,0.40512415766716003,0.06136968731880188,0.3046257793903351,0.31528013944625854,0.3625909686088562
39,0.2378188353776932,0.022609470412135124,0.040203757584095,0.030847206711769104,0.056874409317970276,0.03190239891409874,0.05538158491253853,0.022609470412135124,0.12749217450618744,0.09912879019975662,0.10545670241117477,0.040203757584095,0.2074776291847229,0.17569084465503693,0.2843848764896393,0.030847206711769104,0.17597696185112,0.1533426195383072,0.28078579902648926,0.056874409317970276,0.26657018065452576,0.2725161612033844,0.32592442631721497,0.03190239891409874,0.15468497574329376,0.1257634162902832,0.38958004117012024,0.05538158491253853,0.288680762052536,0.27814704179763794,0.35230839252471924
40,0.2454297054807345,0.020894255489110947,0.039472006261348724,0.034612685441970825,0.05642040818929672,0.043244700878858566,0.05078566074371338,0.020894255489110947,0.11586146056652069,0.08233057707548141,0.09101221710443497,0.039472006261348724,0.1752682328224182,0.15892408788204193,0.2351703941822052,0.034612685441970825,0.18689827620983124,0.19821663200855255,0.30352839827537537,0.05642040818929672,0.27452152967453003,0.26537445187568665,0.3693360388278961,0.043244700878858566,0.20994833111763,0.19419865310192108,0.469698429107666,0.05078566074371338,0.2832316756248474,0.2817012071609497,0.3787103295326233
41,0.2315200869490703,0.02339659072458744,0.0392485074698925,0.030618079006671906,0.05564745515584946,0.036197785288095474,0.046411652117967606,0.02339659072458744,0.11227449029684067,0.09310457855463028,0.10238434374332428,0.0392485074698925,0.17747776210308075,0.1661539524793625,0.23329468071460724,0.030618079006671906,0.1982167363166809,0.17336268723011017,0.32443541288375854,0.05564745515584946,0.24879427254199982,0.24523696303367615,0.3222755193710327,0.036197785288095474,0.16545826196670532,0.17132467031478882,0.3824092745780945,0.046411652117967606,0.26179036498069763,0.2470565289258957,0.33566051721572876
42,0.25023152510325114,0.02737993188202381,0.03801983594894409,0.03603842481970787,0.05354097858071327,0.04107334092259407,0.05417901277542114,0.02737993188202381,0.13522227108478546,0.10289740562438965,0.10926321893930435,0.03801983594894409,0.19329829514026642,0.16766928136348724,0.24198709428310394,0.03603842481970787,0.22247257828712463,0.19760748744010925,0.2926563024520874,0.05354097858071327,0.2623344957828522,0.2945200502872467,0.32634398341178894,0.04107334092259407,0.17473669350147247,0.1696784645318985,0.3736571967601776,0.05417901277542114,0.3065401613712311,0.28633779287338257,0.3526609539985657
43,0.23072144384185472,0.025328360497951508,0.035842739045619965,0.028778916224837303,0.05722694471478462,0.03529014065861702,0.04825436323881149,0.025328360497951508,0.12599731981754303,0.1046353429555893,0.12501856684684753,0.035842739045619965,0.1798303723335266,0.1511313021183014,0.22662244737148285,0.028778916224837303,0.18183989822864532,0.19089330732822418,0.2793009579181671,0.05722694471478462,0.28128719329833984,0.2977306842803955,0.343477338552475,0.03529014065861702,0.16971297562122345,0.1616215705871582,0.38319650292396545,0.04825436323881149,0.2701835334300995,0.2953837811946869,0.3432931900024414
44,0.22735154375433922,0.02194647304713726,0.040554676204919815,0.02768103964626789,0.05460898578166962,0.030942825600504875,0.051617540419101715,0.02194647304713726,0.12503552436828613,0.09577139467000961,0.09100223332643509,0.040554676204919815,0.18133383989334106,0.14945311844348907,0.24802853167057037,0.02768103964626789,0.17890404164791107,0.14138008654117584,0.25420162081718445,0.05460898578166962,0.27422401309013367,0.28298041224479675,0.3440920114517212,0.030942825600504875,0.1644795536994934,0.15572212636470795,0.3396309018135071,0.051617540419101715,0.30352818965911865,0.2918722629547119,0.34392622113227844
45,0.22057782779137294,0.02303904853761196,0.03975126892328262,0.03144022449851036,0.045847516506910324,0.035466428846120834,0.04503333568572998,0.02303904853761196,0.1292121261358261,0.10164877772331238,0.10912848263978958,0.03975126892328262,0.19776014983654022,0.18477946519851685,0.26765602827072144,0.03144022449851036,0.15869659185409546,0.13487674295902252,0.24315592646598816,0.045847516506910324,0.24647895991802216,0.2433171272277832,0.29122334718704224,0.035466428846120834,0.17039552330970764,0.16449429094791412,0.3687703311443329,0.04503333568572998,0.2732098698616028,0.27926838397979736,0.3343774676322937
46,0.2009756876528263,0.016462819650769234,0.029549239203333855,0.029810260981321335,0.05346328020095825,0.030380725860595703,0.04130934178829193,0.016462819650769234,0.10412870347499847,0.07337691634893417,0.07981901615858078,0.029549239203333855,0.1769898384809494,0.13972970843315125,0.25035297870635986,0.029810260981321335,0.17113757133483887,0.1446831077337265,0.26032888889312744,0.05346328020095825,0.2835078835487366,0.3037406802177429,0.3570747971534729,0.030380725860595703,0.1453971117734909,0.12592732906341553,0.3372464179992676,0.04130934178829193,0.2588413953781128,0.2638740539550781,0.30223751068115234
47,0.20787854885061582,0.021612802520394325,0.03422064334154129,0.030567079782485962,0.050650112330913544,0.033181071281433105,0.03764684498310089,0.021612802520394325,0.11378271877765656,0.08569684624671936,0.08249792456626892,0.03422064334154129,0.1761111319065094,0.14709435403347015,0.2211810052394867,0.030567079782485962,0.16235937178134918,0.14448368549346924,0.24117355048656464,0.050650112330913544,0.2751176059246063,0.29163244366645813,0.34214600920677185,0.033181071281433105,0.17622265219688416,0.17631329596042633,0.3903156518936157,0.03764684498310089,0.23201312124729156,0.19592437148094177,0.2891770601272583
48,0.20146546388665834,0.019498880952596664,0.03201993554830551,0.028947293758392334,0.052474573254585266,0.03146892413496971,0.037055857479572296,0.019498880952596664,0.11523646116256714,0.10004536062479019,0.10850305110216141,0.03201993554830551,0.15657298266887665,0.13827769458293915,0.19755011796951294,0.028947293758392334,0.17281804978847504,0.15555134415626526,0.3005204200744629,0.052474573254585266,0.28313320875167847,0.3052428066730499,0.3489811420440674,0.03146892413496971,0.15355175733566284,0.1322154998779297,0.3383025527000427,0.037055857479572296,0.2378414422273636,0.2259748876094818,0.3071112036705017
49,0.20193724662065507,0.020178694278001785,0.0344710536301136,0.025869352743029594,0.044854823499917984,0.03008265420794487,0.04648065194487572,0.020178694278001785,0.12996281683444977,0.11188165098428726,0.10742036253213882,0.0344710536301136,0.1914430558681488,0.17810869216918945,0.2517184615135193,0.025869352743029594,0.1548776924610138,0.11542563140392303,0.21705734729766846,0.044854823499917984,0.24393700063228607,0.226993590593338,0.3112910985946655,0.03008265420794487,0.17215324938297272,0.14820294082164764,0.42870408296585083,0.04648065194487572,0.27108094096183777,0.28310176730155945,0.3436983823776245
50,0.18126073092222214,0.017079990357160568,0.024024484679102898,0.029352355748414993,0.041248779743909836,0.030122343450784683,0.03943276405334473,0.017079990357160568,0.10339321941137314,0.0661846399307251,0.09636326134204865,0.024024484679102898,0.1311655342578888,0.09315957874059677,0.1773516833782196,0.029352355748414993,0.17978762090206146,0.17204733192920685,0.2728865146636963,0.041248779743909836,0.24915051460266113,0.23973533511161804,0.29555800557136536,0.030122343450784683,0.14477373659610748,0.11755208671092987,0.31298160552978516,0.03943276405334473,0.2223442792892456,0.2002602070569992,0.2543094754219055
51,0.19198883374532064,0.02498769573867321,0.02831161767244339,0.028426500037312508,0.039996013045310974,0.02664206549525261,0.043624941259622574,0.02498769573867321,0.1505342721939087,0.14264515042304993,0.10798819363117218,0.02831161767244339,0.14779797196388245,0.1247795969247818,0.17786209285259247,0.028426500037312508,0.15909172594547272,0.13245590031147003,0.2215123474597931,0.039996013045310974,0.24009381234645844,0.23350878059864044,0.2698020040988922,0.02664206549525261,0.14642202854156494,0.12784451246261597,0.3318203091621399,0.043624941259622574,0.26542484760284424,0.272743821144104,0.3410279452800751
52,0.15507238666216533,0.011746760457754135,0.02797066606581211,0.02082103304564953,0.04087597876787186,0.022999383509159088,0.030658559873700142,0.011746760457754135,0.08210120350122452,0.040663909167051315,0.07023859024047852,0.02797066606581211,0.1760936677455902,0.1519559919834137,0.22120091319084167,0.02082103304564953,0.14530044794082642,0.13377569615840912,0.23504739999771118,0.04087597876787186,0.22508016228675842,0.23449282348155975,0.31627944111824036,0.022999383509159088,0.13307994604110718,0.10750441253185272,0.2962004244327545,0.030658559873700142,0.2224927842617035,0.1788305938243866,0.2645220458507538
53,0.1625335706397891,0.017279500141739845,0.02605130895972252,0.025080939754843712,0.03413587808609009,0.025788133963942528,0.03419779613614082,0.017279500141739845,0.1092890277504921,0.08515138924121857,0.08462859690189362,0.02605130895972252,0.17383983731269836,0.15794268250465393,0.1858653575181961,0.025080939754843712,0.16291362047195435,0.13418178260326385,0.2464951127767563,0.03413587808609009,0.1965128779411316,0.15938478708267212,0.2635655105113983,0.025788133963942528,0.1429106593132019,0.14198900759220123,0.3363490700721741,0.03419779613614082,0.23909026384353638,0.2090930938720703,0.2825130522251129
54,0.1631773785625895,0.01337673794478178,0.024157745763659477,0.020963143557310104,0.03723705932497978,0.026611363515257835,0.0408313125371933,0.01337673794478178,0.09856989234685898,0.07138071209192276,0.09447856992483139,0.024157745763659477,0.14807137846946716,0.10389948636293411,0.20990166068077087,0.020963143557310104,0.15987978875637054,0.1371021717786789,0.2320134937763214,0.03723705932497978,0.2163878083229065,0.20115527510643005,0.27895647287368774,0.026611363515257835,0.14025580883026123,0.13513942062854767,0.3243481516838074,0.0408313125371933,0.2316000610589981,0.22081980109214783,0.29749584197998047
55,0.17604849234223366,0.02036484330892563,0.025752516463398933,0.026837889105081558,0.04729935899376869,0.02382766827940941,0.03196621686220169,0.02036484330892563,0.11634868383407593,0.08598225563764572,0.09624490141868591,0.025752516463398933,0.14883285760879517,0.13506580889225006,0.173122838139534,0.026837889105081558,0.16771408915519714,0.13502885401248932,0.234715074300766,0.04729935899376869,0.2385639250278473,0.2390250712633133,0.3045068085193634,0.02382766827940941,0.13898417353630066,0.11318953335285187,0.29414844512939453,0.03196621686220169,0.20770438015460968,0.20245568454265594,0.25636544823646545
56,0.17342152508596578,0.019782882183790207,0.026861416175961494,0.032836202532052994,0.03410792350769043,0.024806223809719086,0.035026878118515015,0.019782882183790207,0.11516673862934113,0.09035659581422806,0.08614663779735565,0.026861416175961494,0.14742784202098846,0.13003802299499512,0.19872678816318512,0.032836202532052994,0.20925314724445343,0.1879972666501999,0.3029657006263733,0.03410792350769043,0.1909078061580658,0.19343356788158417,0.2372259795665741,0.024806223809719086,0.13118496537208557,0.10908419638872147,0.27449050545692444,0.035026878118515015,0.21723073720932007,0.21516171097755432,0.27758824825286865
57,0.14883988541861376,0.014793011359870434,0.02011745236814022,0.021611439064145088,0.03706948459148407,0.023338088765740395,0.03191039338707924,0.014793011359870434,0.10018020123243332,0.06052771210670471,0.09095151722431183,0.02011745236814022,0.13424555957317352,0.11085828393697739,0.1757039725780487,0.021611439064145088,0.15863658487796783,0.11931262910366058,0.2277887761592865,0.03706948459148407,0.21401046216487885,0.2071116864681244,0.2603587210178375,0.023338088765740395,0.12676191329956055,0.11866793036460876,0.2700406610965729,0.03191039338707924,0.21218885481357574,0.21268680691719055,0.283547580242157
58,0.1545488109687964,0.015727542340755463,0.026834744960069656,0.022805817425251007,0.036974504590034485,0.02274256944656372,0.0294636320322752,0.015727542340755463,0.10454237461090088,0.08206011354923248,0.08247999846935272,0.026834744960069656,0.14690107107162476,0.13137634098529816,0.1885768175125122,0.022805817425251007,0.14825239777565002,0.1248413622379303,0.22824816405773163,0.036974504590034485,0.20202703773975372,0.20427167415618896,0.24014437198638916,0.02274256944656372,0.13015703856945038,0.11831729859113693,0.2967813014984131,0.0294636320322752,0.205288827419281,0.1512141227722168,0.26486459374427795
59,0.155465118487676,0.017764883115887642,0.024227039888501167,0.02333795465528965,0.03457215800881386,0.022306237369775772,0.033256832510232925,0.017764883115887642,0.10545553267002106,0.09521167725324631,0.10236695408821106,0.024227039888501167,0.14006246626377106,0.10623722523450851,0.16436563432216644,0.02333795465528965,0.13963311910629272,0.10988296568393707,0.20391321182250977,0.03457215800881386,0.20336583256721497,0.20639051496982574,0.2465551793575287,0.022306237369775772,0.12279071658849716,0.11544530093669891,0.2749744951725006,0.033256832510232925,0.2162557691335678,0.2004949152469635,0.26425841450691223
60,0.1482191531856855,0.014295894652605057,0.028455791994929314,0.020175112411379814,0.029347775503993034,0.02600078471004963,0.029943794012069702,0.014295894652605057,0.0972016230225563,0.07963918149471283,0.07935909926891327,0.028455791994929314,0.15873950719833374,0.16044233739376068,0.18442030251026154,0.020175112411379814,0.15015624463558197,0.14344878494739532,0.19050849974155426,0.029347775503993034,0.1804008185863495,0.15366210043430328,0.21232116222381592,0.02600078471004963,0.14682279527187347,0.1308613270521164,0.28081589937210083,0.029943794012069702,0.19801993668079376,0.17483128607273102,0.24462105333805084
61,0.1643497222972413,0.023785144090652466,0.023992978036403656,0.01993824727833271,0.03388413414359093,0.019999714568257332,0.04274950176477432,0.023785144090652466,0.12925724685192108,0.12117493897676468,0.11080216616392136,0.023992978036403656,0.13522344827651978,0.11042193323373795,0.18242548406124115,0.01993824727833271,0.14174434542655945,0.10563946515321732,0.21739621460437775,0.03388413414359093,0.21995019912719727,0.1878463476896286,0.28410694003105164,0.019999714568257332,0.11607816070318222,0.09663429111242294,0.24582287669181824,0.04274950176477432,0.23760803043842316,0.21038897335529327,0.2921593189239502
62,0.15840920353929203,0.016586212441325188,0.028789298608899117,0.018437834456562996,0.03676476702094078,0.025995861738920212,0.031835224479436874,0.016586212441325188,0.08658197522163391,0.04775046929717064,0.06585942953824997,0.028789298608899117,0.1788828819990158,0.15487459301948547,0.22313617169857025,0.018437834456562996,0.12756724655628204,0.10366339236497879,0.20193511247634888,0.03676476702094078,0.22103886306285858,0.21222054958343506,0.26469478011131287,0.025995861738920212,0.1358904093503952,0.112523652613163,0.2786191701889038,0.031835224479436874,0.2310228943824768,0.2069307565689087,0.291996568441391
63,0.12931868384281794,0.00972074456512928,0.01830068975687027,0.018277768045663834,0.0338846854865551,0.021927352994680405,0.02720744162797928,0.00972074456512928,0.08045554161071777,0.05833333358168602,0.057149067521095276,0.01830068975687027,0.11190364509820938,0.09052284806966782,0.12601789832115173,0.018277768045663834,0.11525717377662659,0.09468760341405869,0.1911635845899582,0.0338846854865551,0.18330171704292297,0.17029792070388794,0.24498385190963745,0.021927352994680405,0.11843694001436234,0.103160560131073,0.26804032921791077,0.02720744162797928,0.17508240044116974,0.1416526436805725,0.2106599062681198
64,0.13792129032313824,0.015441174618899822,0.017372675240039825,0.021849552169442177,0.03737613931298256,0.02120613120496273,0.024675603955984116,0.015441174618899822,0.09705903381109238,0.06947141885757446,0.08738832175731659,0.017372675240039825,0.10692834109067917,0.06262748688459396,0.14487020671367645,0.021849552169442177,0.1280999779701233,0.09470061957836151,0.18940795958042145,0.03737613931298256,0.21282494068145752,0.20390543341636658,0.2682921290397644,0.02120613120496273,0.11458642035722733,0.09124113619327545,0.25034695863723755,0.024675603955984116,0.16728727519512177,0.12554964423179626,0.2168067991733551
65,0.11694484935452541,0.016399094834923744,0.015927933156490326,0.014390780590474606,0.02898024208843708,0.018123384565114975,0.02312341146171093,0.016399094834923744,0.09566760808229446,0.06762748956680298,0.08019836992025375,0.015927933156490326,0.10002151131629944,0.06707701832056046,0.12334438413381577,0.014390780590474606,0.12085000425577164,0.09321661293506622,0.20604120194911957,0.02898024208843708,0.1575782746076584,0.1369662880897522,0.18034523725509644,0.018123384565114975,0.1110825315117836,0.08585277199745178,0.23174844682216644,0.02312341146171093,0.19124002754688263,0.15611575543880463,0.23765802383422852
66,0.14372366085648536,0.014516151510179043,0.024993840605020523,0.014241979457437992,0.03351874276995659,0.019616534933447838,0.03683638945221901,0.014516151510179043,0.08295935392379761,0.06572750955820084,0.0743691623210907,0.024993840605020523,0.14774397015571594,0.13962368667125702,0.1903849095106125,0.014241979457437992,0.12422869354486465,0.09011844545602798,0.16504725813865662,0.03351874276995659,0.20223578810691833,0.18664780259132385,0.23542778193950653,0.019616534933447838,0.14880920946598053,0.1192457303404808,0.3150310218334198,0.03683638945221901,0.22543418407440186,0.2161649614572525,0.2644026577472687
67,0.14098385691642762,0.017369121313095093,0.027385609224438667,0.016559764742851257,0.029052559286355972,0.021331535652279854,0.029285259544849396,0.017369121313095093,0.10361762344837189,0.07611674815416336,0.09424850344657898,0.027385609224438667,0.14502960443496704,0.12250424921512604,0.1663922518491745,0.016559764742851257,0.12791791558265686,0.11174020171165466,0.20344658195972443,0.029052559286355972,0.1958416849374771,0.16579420864582062,0.2509230077266693,0.021331535652279854,0.11575262993574142,0.08141931891441345,0.25570914149284363,0.029285259544849396,0.20155243575572968,0.18792705237865448,0.2457878589630127
68,0.13152923934161664,0.016158517450094223,0.020866550505161285,0.01764063350856304,0.029892152175307274,0.020532900467514992,0.026438472792506218,0.016158517450094223,0.10471943020820618,0.0808471143245697,0.0700836181640625,0.020866550505161285,0.1347404420375824,0.09705022722482681,0.16921402513980865,0.01764063350856304,0.12624415755271912,0.09537795186042786,0.18609215319156647,0.029892152175307274,0.1897168755531311,0.13845941424369812,0.2494996190071106,0.020532900467514992,0.12032836675643921,0.10133848339319229,0.2915323078632355,0.026438472792506218,0.1853780895471573,0.15558484196662903,0.2544043958187103
69,0.13082287967205047,0.013126994483172894,0.021908000111579895,0.019183708354830742,0.028384463861584663,0.022170448675751686,0.02604926936328411,0.013126994483172894,0.09491804242134094,0.08016503602266312,0.0766761377453804,0.021908000111579895,0.14789241552352905,0.11731702089309692,0.17795220017433167,0.019183708354830742,0.15638385713100433,0.13779424130916595,0.24744732677936554,0.028384463861584663,0.1805625855922699,0.1616058200597763,0.2073168009519577,0.022170448675751686,0.11832636594772339,0.10437844693660736,0.25637510418891907,0.02604926936328411,0.1918521523475647,0.1374465525150299,0.23311075568199158
70,0.11205118478586276,0.014552699401974678,0.018292779102921486,0.014946144074201584,0.02521866373717785,0.014729566872119904,0.024311332032084465,0.014552699401974678,0.07563592493534088,0.048212409019470215,0.055338624864816666,0.018292779102921486,0.11464422941207886,0.0956563800573349,0.15197095274925232,0.014946144074201584,0.1013135090470314,0.07082894444465637,0.14295844733715057,0.02521866373717785,0.1690758317708969,0.15842509269714355,0.21414703130722046,0.014729566872119904,0.09463229775428772,0.06165117397904396,0.19298571348190308,0.024311332032084465,0.18418988585472107,0.16510094702243805,0.24409671127796173
71,0.1149797702829043,0.013522762805223465,0.017220379784703255,0.013164480216801167,0.02464904636144638,0.0182627122849226,0.02816038765013218,0.013522762805223465,0.08330724388360977,0.0607868954539299,0.06706798821687698,0.017220379784703255,0.1182025745511055,0.08532586693763733,0.13235309720039368,0.013164480216801167,0.11140695959329605,0.09016502648591995,0.16062992811203003,0.02464904636144638,0.17568887770175934,0.15178534388542175,0.21766875684261322,0.0182627122849226,0.11092153936624527,0.08884523063898087,0.24714329838752747,0.02816038765013218,0.20030827820301056,0.2008419930934906,0.2426641583442688
72,0.14170673493295907,0.018894894048571587,0.02654208056628704,0.015309635549783707,0.03070433996617794,0.02130044996738434,0.02895534783601761,0.018894894048571587,0.09487374871969223,0.06794844567775726,0.08867616951465607,0.02654208056628704,0.1285937875509262,0.0873982310295105,0.1709485501050949,0.015309635549783707,0.11182311922311783,0.0828225314617157,0.14949092268943787,0.03070433996617794,0.2057972401380539,0.21894702315330505,0.24730999767780304,0.02130044996738434,0.12552222609519958,0.0839027687907219,0.23385371267795563,0.02895534783601761,0.20836596190929413,0.19105133414268494,0.28150907158851624
73,0.13623793041954438,0.015968002378940582,0.021612195298075676,0.017654821276664734,0.036091212183237076,0.019242338836193085,0.025669371709227562,0.015968002378940582,0.09057143330574036,0.07372678071260452,0.07565058022737503,0.021612195298075676,0.1323152780532837,0.09418872743844986,0.15709953010082245,0.017654821276664734,0.12469138950109482,0.09618676453828812,0.2090451419353485,0.036091212183237076,0.18316657841205597,0.1736525595188141,0.22580891847610474,0.019242338836193085,0.13508763909339905,0.1120770126581192,0.27431198954582214,0.025669371709227562,0.16486871242523193,0.11690148711204529,0.21443137526512146
74,0.11862411238253116,0.01188480295240879,0.020007172599434853,0.015398898161947727,0.02946869470179081,0.01900765299797058,0.022856885567307472,0.01188480295240879,0.07552549242973328,0.05000000074505806,0.07435856014490128,0.020007172599434853,0.1146552786231041,0.0734473168849945,0.16406549513339996,0.015398898161947727,0.10642895102500916,0.08814392238855362,0.1547183096408844,0.02946869470179081,0.17603515088558197,0.15146270394325256,0.2142580896615982,0.01900765299797058,0.1136341243982315,0.09942808747291565,0.24913950264453888,0.022856885567307472,0.1640641838312149,0.11867861449718475,0.1874265968799591
75,0.10707604366044203,0.011569070629775524,0.01627589948475361,0.013298454694449902,0.025830093771219254,0.01570744812488556,0.02439507469534874,0.011569070629775524,0.05960412323474884,0.03138070926070213,0.04514753818511963,0.01627589948475361,0.10495954751968384,0.05969556048512459,0.13252371549606323,0.013298454694449902,0.10323213785886765,0.0769723430275917,0.1579509675502777,0.025830093771219254,0.172728031873703,0.16404873132705688,0.2116444706916809,0.01570744812488556,0.10267062485218048,0.07784701138734818,0.21564750373363495,0.02439507469534874,0.18592631816864014,0.17321808636188507,0.22497457265853882
76,0.11849234780917565,0.014597431756556034,0.013870706781744957,0.016142724081873894,0.03277942165732384,0.016966430470347404,0.024135630577802658,0.014597431756556034,0.08304007351398468,0.06997561454772949,0.06050997972488403,0.013870706781744957,0.097755067050457,0.07121578603982925,0.11546801030635834,0.016142724081873894,0.1332155466079712,0.10429415106773376,0.1821729987859726,0.03277942165732384,0.19958457350730896,0.17945635318756104,0.24029311537742615,0.016966430470347404,0.10776062309741974,0.08108380436897278,0.23685094714164734,0.024135630577802658,0.17695340514183044,0.17170363664627075,0.2144036889076233
77,0.10969300653785467,0.011519680730998516,0.020926209166646004,0.016619497910141945,0.028093626722693443,0.014173217117786407,0.018360763788223267,0.011519680730998516,0.07569736987352371,0.052194371819496155,0.05957190692424774,0.020926209166646004,0.12921097874641418,0.11078236997127533,0.14074766635894775,0.016619497910141945,0.11890388280153275,0.10197481513023376,0.17026227712631226,0.028093626722693443,0.1675214320421219,0.16133207082748413,0.2032170295715332,0.014173217117786407,0.09535175561904907,0.07120458781719208,0.19792884588241577,0.018360763788223267,0.13869616389274597,0.09430976957082748,0.18139299750328064
78,0.1098971192787091,0.010091152042150497,0.018010059371590614,0.01915692538022995,0.03177769109606743,0.012163381092250347,0.018697913736104965,0.010091152042150497,0.06985983997583389,0.06947621703147888,0.07168035209178925,0.018010059371590614,0.10810652375221252,0.08966930955648422,0.13882598280906677,0.01915692538022995,0.12546683847904205,0.10158233344554901,0.17181572318077087,0.03177769109606743,0.1940145194530487,0.17707794904708862,0.26110830903053284,0.012163381092250347,0.08431719988584518,0.060361653566360474,0.16703921556472778,0.018697913736104965,0.16399379074573517,0.1113058477640152,0.2073056846857071
79,0.10567338032027086,0.012851318344473839,0.019995301961898804,0.01592353917658329,0.023737965151667595,0.016564004123210907,0.016601262614130974,0.012851318344473839,0.07376691699028015,0.04902368783950806,0.05843903124332428,0.019995301961898804,0.14596019685268402,0.11603538691997528,0.16175812482833862,0.01592353917658329,0.13257279992103577,0.10726529359817505,0.19096146523952484,0.023737965151667595,0.16284649074077606,0.12086761742830276,0.18094301223754883,0.016564004123210907,0.10469477623701096,0.08206011354923248,0.2356920689344406,0.016601262614130974,0.14668945968151093,0.09981201589107513,0.16163937747478485
80,0.09749055550744136,0.008990379981696606,0.015415935777127743,0.013004750944674015,0.021807169541716576,0.01624816656112671,0.022024158388376236,0.008990379981696606,0.059206772595644,0.03735702112317085,0.049111731350421906,0.015415935777127743,0.09928259998559952,0.07057386636734009,0.11559167504310608,0.013004750944674015,0.11394274234771729,0.08870354294776917,0.1684398353099823,0.021807169541716576,0.1367216259241104,0.08514042943716049,0.16299252212047577,0.01624816656112671,0.09229301661252975,0.07618439197540283,0.18762043118476868,0.022024158388376236,0.15053223073482513,0.13194116950035095,0.19300927221775055
81,0.09983247224241495,0.014804190024733543,0.01570395939052105,0.012420243583619595,0.02312793955206871,0.018605075776576996,0.015171064995229244,0.014804190024733543,0.09737717360258102,0.08967264741659164,0.06959318369626999,0.01570395939052105,0.11045829951763153,0.08147725462913513,0.1393306404352188,0.012420243583619595,0.08794835209846497,0.04372677952051163,0.11285017430782318,0.02312793955206871,0.1582781821489334,0.10654380917549133,0.20172621309757233,0.018605075776576996,0.09248773008584976,0.07039929181337357,0.22710973024368286,0.015171064995229244,0.11935874819755554,0.08624883741140366,0.14603333175182343
82,0.1130493675544858,0.010011688806116581,0.018412942066788673,0.01783084310591221,0.02602144330739975,0.01409006305038929,0.026682376861572266,0.010011688806116581,0.0671064481139183,0.0446656309068203,0.056681353598833084,0.018412942066788673,0.1207101047039032,0.10017625242471695,0.14099012315273285,0.01783084310591221,0.11261510103940964,0.06975119560956955,0.14653433859348297,0.02602144330739975,0.19078128039836884,0.1808241307735443,0.2016524076461792,0.01409006305038929,0.10587511956691742,0.08000649511814117,0.19419535994529724,0.026682376861572266,0.17702506482601166,0.15976333618164062,0.21538807451725006
83,0.08966323067744573,0.012594190426170826,0.013146310113370419,0.01584106683731079,0.017940783873200417,0.011530375108122826,0.01861049234867096,0.012594190426170826,0.08843906968832016,0.06374194473028183,0.06253445893526077,0.013146310113370419,0.08755031228065491,0.06374422460794449,0.11679768562316895,0.01584106683731079,0.10539030283689499,0.07950761914253235,0.1635546088218689,0.017940783873200417,0.13715925812721252,0.09244904667139053,0.15703462064266205,0.011530375108122826,0.08474630117416382,0.05873773619532585,0.17298312485218048,0.01861049234867096,0.14937977492809296,0.10307226330041885,0.18657436966896057
84,0.07956496320664883,0.008391384966671467,0.008748706430196762,0.011041868478059769,0.015345431864261627,0.016487346962094307,0.019550221040844917,0.008391384966671467,0.058517228811979294,0.027702052146196365,0.058000896126031876,0.008748706430196762,0.0766310840845108,0.04010749235749245,0.09241315722465515,0.011041868478059769,0.09153065085411072,0.07500000298023224,0.15715165436267853,0.015345431864261627,0.11581359803676605,0.06333333253860474,0.12750568985939026,0.016487346962094307,0.10186011344194412,0.05775046721100807,0.21651969850063324,0.019550221040844917,0.17134234309196472,0.16132870316505432,0.22493715584278107
85,0.08325392289708058,0.008977367542684078,0.012728891335427761,0.010928635485470295,0.020818501710891724,0.00943461898714304,0.02036590315401554,0.008977367542684078,0.06614301353693008,0.04833333194255829,0.046683743596076965,0.012728891335427761,0.09900129586458206,0.07860379666090012,0.11568228155374527,0.010928635485470295,0.08219903707504272,0.07069035619497299,0.13263624906539917,0.020818501710891724,0.14678528904914856,0.14176598191261292,0.1691911369562149,0.00943461898714304,0.06339160352945328,0.03706011548638344,0.13957451283931732,0.02036590315401554,0.15629874169826508,0.13369964063167572,0.18361268937587738
86,0.09342315188298622,0.01204240694642067,0.014763510785996914,0.009713711217045784,0.02814548835158348,0.011927048675715923,0.016830986365675926,0.01204240694642067,0.0810580626130104,0.06608380377292633,0.06564676761627197,0.014763510785996914,0.10775873810052872,0.08695243299007416,0.12684454023838043,0.009713711217045784,0.07556526362895966,0.04500000178813934,0.1030360758304596,0.02814548835158348,0.1713493913412094,0.16969875991344452,0.19263792037963867,0.011927048675715923,0.08480463922023773,0.04569035395979881,0.16740082204341888,0.016830986365675926,0.15254876017570496,0.12186829745769501,0.16951730847358704
87,0.08760549001395702,0.011136036366224289,0.011423802003264427,0.010179374366998672,0.025892961770296097,0.01032879389822483,0.01864452287554741,0.011136036366224289,0.06925077736377716,0.03516503423452377,0.050363797694444656,0.011423802003264427,0.07229937613010406,0.059023693203926086,0.09531769156455994,0.010179374366998672,0.07572472840547562,0.04638070985674858,0.09435504674911499,0.025892961770296097,0.16455474495887756,0.16043533384799957,0.18420955538749695,0.01032879389822483,0.08134624361991882,0.07066390663385391,0.17924286425113678,0.01864452287554741,0.15969224274158478,0.11875348538160324,0.19251684844493866
88,0.10496422150482734,0.015487461350858212,0.018894493579864502,0.0093698063865304,0.027675556018948555,0.015628786757588387,0.017908116802573204,0.015487461350858212,0.08724772185087204,0.06848472356796265,0.07145525515079498,0.018894493579864502,0.10812432318925858,0.08976443856954575,0.12986283004283905,0.0093698063865304,0.0941622331738472,0.07434258610010147,0.14794383943080902,0.027675556018948555,0.15382684767246246,0.13495425879955292,0.17898274958133698,0.015628786757588387,0.08958448469638824,0.07312844693660736,0.17746207118034363,0.017908116802573204,0.15687504410743713,0.15189984440803528,0.19718283414840698
89,0.08249825848887364,0.008228342980146408,0.012960966676473618,0.012848027981817722,0.021352965384721756,0.010980059392750263,0.016127891838550568,0.008228342980146408,0.059393640607595444,0.0416666679084301,0.053420595824718475,0.012960966676473618,0.10917570441961288,0.09085538983345032,0.11887737363576889,0.012848027981817722,0.12143713980913162,0.07103539258241653,0.17383795976638794,0.021352965384721756,0.14975647628307343,0.1391468048095703,0.1732988804578781,0.010980059392750263,0.0875735878944397,0.06564193964004517,0.18392333388328552,0.016127891838550568,0.13400046527385712,0.0840456485748291,0.17433439195156097
90,0.07906525894999504,0.011113674379885197,0.01295954268425703,0.01104222796857357,0.016402076929807663,0.010809741914272308,0.01673799566924572,0.011113674379885197,0.0729801207780838,0.05389181151986122,0.0668681338429451,0.01295954268425703,0.09063024818897247,0.07304737716913223,0.11530602723360062,0.01104222796857357,0.09723693877458572,0.06683170050382614,0.13895519077777863,0.016402076929807663,0.11743657290935516,0.07804737985134125,0.1509740948677063,0.010809741914272308,0.071565181016922,0.04238996282219887,0.15312930941581726,0.01673799566924572,0.15030676126480103,0.153811976313591,0.15746259689331055
91,0.08486633044977983,0.007823166437447071,0.013759520836174488,0.010946427471935749,0.023123137652873993,0.009708670899271965,0.01950540952384472,0.007823166437447071,0.047991398721933365,0.023333333432674408,0.040752310305833817,0.013759520836174488,0.10010997951030731,0.06730860471725464,0.10127291083335876,0.010946427471935749,0.09247871488332748,0.07261859625577927,0.13659530878067017,0.023123137652873993,0.1477658897638321,0.12332853674888611,0.1751769632101059,0.009708670899271965,0.088907390832901,0.06564193964004517,0.17596793174743652,0.01950540952384472,0.15144091844558716,0.12357022613286972,0.19588638842105865
92,0.08150264953573545,0.012859063223004341,0.01660444773733616,0.013360113836824894,0.015499895438551903,0.00984869059175253,0.013330438174307346,0.012859063223004341,0.07803940773010254,0.06333333253860474,0.0627632811665535,0.01660444773733616,0.09706482291221619,0.07006588578224182,0.13037942349910736,0.013360113836824894,0.11590015143156052,0.09305158257484436,0.14871099591255188,0.015499895438551903,0.09622592478990555,0.07368965446949005,0.11400125175714493,0.00984869059175253,0.07674085348844528,0.06666667014360428,0.14561881124973297,0.013330438174307346,0.1149316281080246,0.08809550106525421,0.13283120095729828
93,0.07424950337658326,0.008633964695036411,0.011968364007771015,0.009454796090722084,0.015537282451987267,0.01145132165402174,0.01720377430319786,0.008633964695036411,0.07010471820831299,0.03344082459807396,0.05139901116490364,0.011968364007771015,0.08555058389902115,0.0607868954539299,0.10271402448415756,0.009454796090722084,0.06806837022304535,0.04569035395979881,0.08748872578144073,0.015537282451987267,0.12667152285575867,0.1087968721985817,0.15458105504512787,0.01145132165402174,0.07754926383495331,0.0453934483230114,0.17083774507045746,0.01720377430319786,0.14125241339206696,0.1121453121304512,0.17674939334392548
94,0.0886647154390812,0.009168536402285099,0.015828533098101616,0.01074343640357256,0.022588960826396942,0.01336800865828991,0.016967250034213066,0.009168536402285099,0.07581628859043121,0.06844503432512283,0.06586922705173492,0.015828533098101616,0.09447845816612244,0.08110317587852478,0.1049448549747467,0.01074343640357256,0.0947590172290802,0.08833333104848862,0.12895609438419342,0.022588960826396942,0.1542542725801468,0.12802483141422272,0.16371159255504608,0.01336800865828991,0.0814322978258133,0.046684134751558304,0.16503749787807465,0.016967250034213066,0.13072063028812408,0.1015186756849289,0.13803505897521973
95,0.10008475683008632,0.01886501908302307,0.016253584995865822,0.010502539575099945,0.02209562063217163,0.012732823379337788,0.019635172560811043,0.01886501908302307,0.07636599987745285,0.06372678279876709,0.06411682814359665,0.016253584995865822,0.10667470097541809,0.08235383033752441,0.144098699092865,0.010502539575099945,0.09531308710575104,0.07172632962465286,0.0925624743103981,0.02209562063217163,0.15609827637672424,0.12997324764728546,0.18946519494056702,0.012732823379337788,0.09059640020132065,0.07223610579967499,0.16092681884765625,0.019635172560811043,0.14628615975379944,0.12322840094566345,0.17969687283039093
96,0.08228231736769279,0.0073321121744811535,0.012483355589210987,0.010441574268043041,0.022375447675585747,0.011064201593399048,0.018585633486509323,0.0073321121744811535,0.07340078055858612,0.04833333194255829,0.06061007082462311,0.012483355589210987,0.0941007137298584,0.07908276468515396,0.11483433842658997,0.010441574268043041,0.07625271379947662,0.04527046158909798,0.11367201805114746,0.022375447675585747,0.13834232091903687,0.1067926287651062,0.16073666512966156,0.011064201593399048,0.07579129934310913,0.05934258922934532,0.15823467075824738,0.018585633486509323,0.1572587490081787,0.13692644238471985,0.19864793121814728
97,0.08324417363852263,0.01601923070847988,0.013537616468966007,0.01046384684741497,0.015587246976792812,0.011978043243288994,0.0156581848859787,0.01601923070847988,0.07757249474525452,0.04943404346704483,0.07816802710294724,0.013537616468966007,0.09424439817667007,0.08398150652647018,0.11738960444927216,0.01046384684741497,0.09274028241634369,0.06564193964004517,0.13990460336208344,0.015587246976792812,0.10904427617788315,0.0642348974943161,0.1321839839220047,0.011978043243288994,0.0807996615767479,0.05066391080617905,0.17180286347866058,0.0156581848859787,0.1423836052417755,0.10491921752691269,0.16872921586036682
98,0.09505037172387043,0.009043997153639793,0.016352439299225807,0.010330415330827236,0.02318350225687027,0.01526334136724472,0.020876673981547356,0.009043997153639793,0.06805478036403656,0.05304737761616707,0.06269293278455734,0.016352439299225807,0.09529754519462585,0.07081594318151474,0.11196534335613251,0.010330415330827236,0.10222046822309494,0.07767592370510101,0.13737237453460693,0.02318350225687027,0.14807192981243134,0.11320630460977554,0.17327143251895905,0.01526334136724472,0.08567465096712112,0.0773305743932724,0.18720152974128723,0.020876673981547356,0.16185955703258514,0.13566471636295319,0.1828484982252121
99,0.07604879099875689,0.014128521084785461,0.010591544210910797,0.010610298253595829,0.015399047173559666,0.011171620339155197,0.014147765003144741,0.014128521084785461,0.07507611811161041,0.057229336351156235,0.0652221068739891,0.010591544210910797,0.07984089851379395,0.06466115266084671,0.11420793831348419,0.010610298253595829,0.07677236199378967,0.057357024401426315,0.12001046538352966,0.015399047173559666,0.10810574889183044,0.08017437905073166,0.13159245252609253,0.011171620339155197,0.08141544461250305,0.06970275938510895,0.1737430840730667,0.014147765003144741,0.1397038847208023,0.1027614176273346,0.17818813025951385
