,loss,output_0_loss,output_1_loss,output_2_loss,output_3_loss,output_4_loss,output_5_loss,output_0_softmax_rsme,output_0_class_softmax_rmse_0,output_1_softmax_rsme,output_1_class_softmax_rmse_0,output_2_softmax_rsme,output_2_class_softmax_rmse_0,output_3_softmax_rsme,output_3_class_softmax_rmse_0,output_4_softmax_rsme,output_4_class_softmax_rmse_0,output_5_softmax_rsme,output_5_class_softmax_rmse_0,val_loss,val_output_0_loss,val_output_1_loss,val_output_2_loss,val_output_3_loss,val_output_4_loss,val_output_5_loss,val_output_0_softmax_rsme,val_output_0_class_softmax_rmse_0,val_output_1_softmax_rsme,val_output_1_class_softmax_rmse_0,val_output_2_softmax_rsme,val_output_2_class_softmax_rmse_0,val_output_3_softmax_rsme,val_output_3_class_softmax_rmse_0,val_output_4_softmax_rsme,val_output_4_class_softmax_rmse_0,val_output_5_softmax_rsme,val_output_5_class_softmax_rmse_0,lr
0,7.896648435592652,1.3650565147399902,1.420383095741272,1.3875367641448975,1.4109458923339844,1.2737540006637573,1.0389721393585205,1.424219012260437,1.9239742755889893,1.5223890542984009,1.8732775449752808,1.500781536102295,2.0104947090148926,1.5522210597991943,2.016284227371216,1.4324127435684204,2.129607677459717,1.2216285467147827,2.040977716445923,4.875186443328857,0.8016188740730286,1.0372685194015503,0.7764620780944824,0.8364681601524353,0.7350193858146667,0.6883492469787598,1.264835238456726,1.8631151914596558,1.4620875120162964,1.5581222772598267,1.3635112047195435,2.207204818725586,1.2678194046020508,1.950914740562439,1.2957051992416382,2.3444859981536865,1.197933554649353,2.281914472579956,0.019999999552965164
1,6.594844665527344,1.1727832555770874,1.2069569826126099,1.0936065912246704,1.2564812898635864,1.0239936113357544,0.8410226702690125,1.3610596656799316,1.957411766052246,1.3805410861968994,1.830867052078247,1.397342324256897,1.9555877447128296,1.481508493423462,2.091719150543213,1.311879277229309,2.011218786239624,1.1455758810043335,1.9714863300323486,4.472422917683919,0.7436051964759827,0.8803634643554688,0.7232301831245422,0.8122590184211731,0.6830169558525085,0.629948079586029,1.1295636892318726,2.465665102005005,1.238120675086975,2.221203088760376,1.2343913316726685,2.807842254638672,1.1971683502197266,2.1361639499664307,1.185868740081787,2.8687479496002197,1.1029635667800903,2.8302242755889893,0.019999999552965164
2,6.1390962362289425,1.0637543201446533,1.1773051023483276,1.0602247714996338,1.1107169389724731,0.9160733819007874,0.8110212683677673,1.2926193475723267,1.8387149572372437,1.4046472311019897,1.9052739143371582,1.379124402999878,2.0537209510803223,1.446629285812378,2.084912061691284,1.2872806787490845,2.1040308475494385,1.1316794157028198,2.0655956268310547,5.065306504567464,0.8356632590293884,1.0013498067855835,0.8056833744049072,0.8419051766395569,0.8535968661308289,0.7271079421043396,1.2493735551834106,2.1754395961761475,1.3721318244934082,1.832496166229248,1.3782256841659546,2.465172529220581,1.3061513900756836,1.9754223823547363,1.3177448511123657,2.516864538192749,1.1934865713119507,2.530942678451538,0.019999999552965164
3,5.6383523178100585,0.9999948143959045,1.0433987379074097,0.9508489966392517,1.0642601251602173,0.8521362543106079,0.7277137041091919,1.2459872961044312,1.8450541496276855,1.2848924398422241,1.7136160135269165,1.2884832620620728,1.8711665868759155,1.3756415843963623,1.9520652294158936,1.2131242752075195,1.8990004062652588,1.0578533411026,1.7926007509231567,4.9296525319417315,0.7606792449951172,0.9633494019508362,0.8051609396934509,0.8358057141304016,0.8148143291473389,0.7498429417610168,1.1308403015136719,2.475069761276245,1.219174861907959,2.393559694290161,1.2304149866104126,2.9370625019073486,1.1938532590866089,2.299880027770996,1.1734163761138916,2.9208853244781494,1.0989103317260742,2.8719348907470703,0.019999999552965164
4,5.355701999664307,0.9553042650222778,1.0201150178909302,0.8735839128494263,1.0228583812713623,0.7982074618339539,0.6856329441070557,1.216475486755371,1.8035342693328857,1.2734107971191406,1.747137427330017,1.247768521308899,1.862247109413147,1.3513305187225342,1.9300446510314941,1.1700618267059326,1.8889366388320923,1.0349677801132202,1.8133397102355957,4.249377806981404,0.731945812702179,0.763931930065155,0.6941547989845276,0.8343088030815125,0.6611238121986389,0.5639125108718872,1.1484761238098145,1.8934732675552368,1.2042160034179688,1.8105359077453613,1.2363029718399048,2.2786810398101807,1.2753340005874634,1.6543828248977661,1.2077991962432861,2.325402021408081,1.0701199769973755,2.4802448749542236,0.019999999552965164
5,5.66370460987091,0.9970712065696716,1.0523704290390015,0.9570848345756531,1.0488249063491821,0.8721290826797485,0.7362239956855774,1.251867413520813,1.8360161781311035,1.303889513015747,1.737330675125122,1.2758358716964722,1.8104681968688965,1.3907341957092285,1.926585078239441,1.200577735900879,1.8771175146102905,1.0744682550430298,1.904176950454712,4.856662750244141,0.81715989112854,0.8962907195091248,0.8299384117126465,0.8786184191703796,0.7542036175727844,0.6804516315460205,1.2865818738937378,1.7492724657058716,1.4218822717666626,1.5599374771118164,1.44821298122406,1.9925251007080078,1.3874536752700806,1.5626732110977173,1.3519407510757446,2.0934503078460693,1.1990251541137695,2.167475700378418,0.019999999552965164
6,5.367900314331055,0.9247668981552124,1.0138720273971558,0.9144816398620605,0.9925427436828613,0.8195402026176453,0.7026969790458679,1.2061917781829834,1.7095881700515747,1.2665810585021973,1.6589901447296143,1.2638424634933472,1.7469831705093384,1.3347539901733398,1.8382363319396973,1.180224895477295,1.8021665811538696,1.0568766593933105,1.7576165199279785,4.167968352635701,0.7061931490898132,0.7753555178642273,0.6908507347106934,0.7516294121742249,0.661336362361908,0.5826031565666199,1.1457127332687378,1.99885094165802,1.2414823770523071,1.9537636041641235,1.2928810119628906,2.2110393047332764,1.2001924514770508,1.9044424295425415,1.238693356513977,2.2575390338897705,1.0929112434387207,2.381533622741699,0.019999999552965164
7,4.84316957950592,0.8402664661407471,0.9292744994163513,0.8191206455230713,0.9106462597846985,0.7137597799301147,0.6301020383834839,1.099784255027771,1.5460771322250366,1.1748480796813965,1.5682350397109985,1.1318031549453735,1.5240756273269653,1.2519798278808594,1.7529531717300415,1.0625826120376587,1.5952868461608887,0.9665302038192749,1.6586101055145264,4.747444947560628,0.8312275409698486,0.8871042728424072,0.7913414835929871,0.8734512329101562,0.7151550650596619,0.6491653323173523,1.2899023294448853,1.586466908454895,1.377063274383545,1.6395798921585083,1.3822399377822876,1.891860008239746,1.3968228101730347,1.4497257471084595,1.2878562211990356,2.0382864475250244,1.151872158050537,2.112607002258301,0.019999999552965164
8,4.9653490543365475,0.8565337657928467,0.9534050226211548,0.8362227082252502,0.9712810516357422,0.7151274085044861,0.6327793002128601,1.1208964586257935,1.569473385810852,1.197485327720642,1.5655516386032104,1.1396639347076416,1.5586416721343994,1.2541171312332153,1.7038666009902954,1.0802325010299683,1.6284739971160889,0.9857080578804016,1.6697590351104736,4.274303913116455,0.7261270880699158,0.7940912246704102,0.7055652141571045,0.752650260925293,0.6815654635429382,0.6143047213554382,1.1591601371765137,2.1238088607788086,1.235674262046814,2.0097789764404297,1.2544736862182617,2.4901864528656006,1.2460511922836304,1.8386467695236206,1.2131246328353882,2.4534003734588623,1.0971826314926147,2.424612283706665,0.019999999552965164
9,4.661605801582336,0.8383447527885437,0.8945075273513794,0.7493606805801392,0.8857220411300659,0.6959716081619263,0.5976997017860413,1.1080448627471924,1.5162924528121948,1.178917646408081,1.5295648574829102,1.0618314743041992,1.4061163663864136,1.2030657529830933,1.5797103643417358,1.0213384628295898,1.413974642753601,0.9494558572769165,1.5989773273468018,3.0533552169799805,0.48193037509918213,0.584202766418457,0.47361209988594055,0.597765326499939,0.4581657350063324,0.45767900347709656,0.8625401854515076,1.7635146379470825,0.925838053226471,1.8274844884872437,0.9268550872802734,2.0006601810455322,0.9132367968559265,1.6909918785095215,0.9066351056098938,2.1235573291778564,0.873051643371582,2.164137601852417,0.019999999552965164
10,4.749242858886719,0.8170924186706543,0.9102815985679626,0.7895100116729736,0.8934484124183655,0.7334889769554138,0.605421245098114,1.065218448638916,1.426151156425476,1.1669272184371948,1.4661157131195068,1.1101348400115967,1.482967495918274,1.1776872873306274,1.5718307495117188,1.0642396211624146,1.5054532289505005,0.9518905878067017,1.5702792406082153,2.903125286102295,0.47941556572914124,0.5318630337715149,0.4735247790813446,0.5684987902641296,0.4209074079990387,0.42891573905944824,0.8372671604156494,1.4982976913452148,0.8868573307991028,1.691660761833191,0.9273874759674072,1.7119156122207642,0.930173933506012,1.3990637063980103,0.8826707005500793,1.914406657218933,0.8344969749450684,1.9323936700820923,0.019999999552965164
11,4.822197217941284,0.8371093273162842,0.9540961384773254,0.7859504222869873,0.932791531085968,0.7081319689750671,0.6041184067726135,1.0822758674621582,1.43889582157135,1.1770553588867188,1.4816685914993286,1.0654619932174683,1.3635282516479492,1.2174994945526123,1.603357195854187,0.9902711510658264,1.4178394079208374,0.9225490689277649,1.456224799156189,4.326326211293538,0.7343930602073669,0.8117387294769287,0.7113874554634094,0.7889654636383057,0.6851984858512878,0.5946428775787354,1.1820940971374512,1.4875787496566772,1.276570200920105,1.49489164352417,1.3065592050552368,1.6344776153564453,1.2618083953857422,1.3928123712539673,1.2539578676223755,1.732782006263733,1.077182412147522,1.9463351964950562,0.019999999552965164
12,4.659888877868652,0.8269585371017456,0.9015322923660278,0.7772109508514404,0.8394348621368408,0.709568202495575,0.6051841378211975,1.0473843812942505,1.4480220079421997,1.1250150203704834,1.4802299737930298,1.039514183998108,1.3898423910140991,1.1508193016052246,1.53388249874115,1.018535852432251,1.4764577150344849,0.8955258131027222,1.453202247619629,8.28320058186849,1.3062084913253784,1.3660941123962402,1.6248236894607544,1.3794094324111938,1.3892806768417358,1.2173837423324585,1.9594403505325317,0.943547785282135,2.0988175868988037,0.882169246673584,2.341794729232788,0.8014721274375916,2.181497812271118,0.9224726557731628,2.10608172416687,0.9798968434333801,1.8147153854370117,1.1777063608169556,0.019999999552965164
13,4.562571821212768,0.8026527166366577,0.8850967288017273,0.7326724529266357,0.8729221224784851,0.6959628462791443,0.5732646584510803,1.0329923629760742,1.34479558467865,1.1107158660888672,1.3693639039993286,1.0527026653289795,1.333632469177246,1.1485567092895508,1.4867123365402222,0.9993554949760437,1.3786287307739258,0.9068318009376526,1.4355475902557373,5.619296232859294,0.97648024559021,1.0046964883804321,0.9558363556861877,0.9796895980834961,0.9170403480529785,0.785552978515625,1.5013822317123413,1.1210273504257202,1.6214333772659302,1.0560888051986694,1.6751213073730469,1.299716830253601,1.6087197065353394,1.0243890285491943,1.5822046995162964,1.3500655889511108,1.3684028387069702,1.6091666221618652,0.019999999552965164
14,4.395488605499268,0.734416127204895,0.8566829562187195,0.7430163025856018,0.8209089040756226,0.6744537949562073,0.5660104155540466,0.9716588854789734,1.3514931201934814,1.0810940265655518,1.3717505931854248,1.0305980443954468,1.3623096942901611,1.0725442171096802,1.3723689317703247,1.0000213384628296,1.4504117965698242,0.8852486610412598,1.364538550376892,5.049006462097168,0.884772002696991,0.8858933448791504,0.8604655861854553,0.8930835723876953,0.8531498908996582,0.671642005443573,1.4566125869750977,1.1409645080566406,1.4757550954818726,1.2363849878311157,1.544001579284668,1.2129675149917603,1.5686492919921875,0.975618302822113,1.4751920700073242,1.310592532157898,1.2295295000076294,1.469988226890564,0.019999999552965164
15,4.37047320842743,0.7526950240135193,0.8613030910491943,0.7144739031791687,0.8239814043045044,0.6504991054534912,0.5675209164619446,0.9736042022705078,1.2493774890899658,1.080075979232788,1.3838778734207153,0.9947171211242676,1.2914514541625977,1.0741052627563477,1.3968689441680908,0.9654183387756348,1.3577426671981812,0.881089985370636,1.4057763814926147,3.3570566177368164,0.5930047631263733,0.6775653958320618,0.4985977113246918,0.6206545233726501,0.4854830801486969,0.4817512035369873,0.9668943285942078,1.8540538549423218,1.0320563316345215,1.7997112274169922,0.9780891537666321,1.8580422401428223,1.0134785175323486,1.6526122093200684,0.9586972594261169,1.9624919891357422,0.8859241604804993,2.0376150608062744,0.019999999552965164
16,4.3905830526351926,0.7266395092010498,0.8705716729164124,0.7212628126144409,0.8254218101501465,0.6840482950210571,0.5626389980316162,0.9435888528823853,1.2694987058639526,1.0569682121276855,1.3488012552261353,0.9850714206695557,1.2631242275238037,1.0598257780075073,1.3684533834457397,0.9990525245666504,1.3966662883758545,0.8838866949081421,1.3818403482437134,6.355729262034099,1.2156208753585815,1.1230826377868652,1.1292473077774048,1.1262167692184448,0.9602603316307068,0.8013014793395996,1.722352385520935,1.0521196126937866,1.731968879699707,1.0253119468688965,1.806550145149231,1.238276481628418,1.74864661693573,0.9986217021942139,1.6064280271530151,1.445572853088379,1.3427257537841797,1.698670744895935,0.019999999552965164
17,5.120045132637024,0.8896813988685608,1.0020192861557007,0.851624071598053,0.9669788479804993,0.75513756275177,0.6546037197113037,1.1146314144134521,1.433459758758545,1.1952741146087646,1.4489206075668335,1.1357529163360596,1.4330106973648071,1.2457249164581299,1.563951849937439,1.0766621828079224,1.4955331087112427,0.973442792892456,1.5486130714416504,3.9604148070017495,0.711581289768219,0.7435259819030762,0.6158105731010437,0.7173759341239929,0.6098108887672424,0.5623102784156799,1.1175459623336792,1.8357118368148804,1.1523972749710083,1.7452207803726196,1.170549988746643,1.8566718101501465,1.1772480010986328,1.6346718072891235,1.1338847875595093,1.9566911458969116,1.018430233001709,2.019357681274414,0.019999999552965164
18,4.473876285552978,0.7831096649169922,0.8492593169212341,0.7528724074363708,0.8373924493789673,0.6712994575500488,0.5799428224563599,1.0142760276794434,1.3245183229446411,1.0834866762161255,1.3630492687225342,0.9975247979164124,1.2458128929138184,1.1012847423553467,1.394990086555481,0.9575368762016296,1.3010951280593872,0.9045009016990662,1.3463470935821533,4.232721487681071,0.7073513865470886,0.7465007305145264,0.7359976768493652,0.755953311920166,0.6752253174781799,0.6116929650306702,1.1885401010513306,1.6880372762680054,1.261867880821228,1.7596076726913452,1.342229962348938,1.7557929754257202,1.290556788444519,1.520547866821289,1.2646013498306274,1.820273995399475,1.1067067384719849,2.016585350036621,0.019999999552965164
19,4.107772445678711,0.6923992037773132,0.8487561941146851,0.6605241298675537,0.7941033840179443,0.5997914671897888,0.5121977925300598,0.9343922138214111,1.2763373851776123,1.0795831680297852,1.3764314651489258,0.9561996459960938,1.2516272068023682,1.036925196647644,1.3088399171829224,0.9217950701713562,1.3449417352676392,0.8459351062774658,1.338384747505188,3.0241618951161704,0.5089303851127625,0.5795811414718628,0.49713268876075745,0.5462554097175598,0.45894622802734375,0.4333159625530243,0.8617531657218933,1.9044651985168457,0.9013722538948059,1.8845233917236328,0.901013195514679,2.162024736404419,0.8991250991821289,1.8269253969192505,0.8333843350410461,2.0764319896698,0.8277463912963867,2.1761720180511475,0.019999999552965164
20,4.667670321464539,0.8033978939056396,0.9060438275337219,0.7923737168312073,0.8809041380882263,0.6906893253326416,0.5942612290382385,1.038454532623291,1.3203322887420654,1.1264749765396118,1.425790548324585,1.0679516792297363,1.2792651653289795,1.170044183731079,1.503392219543457,0.9903209209442139,1.299851417541504,0.8825485110282898,1.3313603401184082,5.055151303609212,0.8153550028800964,0.9491819739341736,0.8726760745048523,0.9238286018371582,0.771502673625946,0.7226073145866394,1.3492778539657593,1.2112579345703125,1.5478414297103882,1.0702522993087769,1.5927070379257202,1.2021093368530273,1.5736056566238403,0.9297370910644531,1.4426628351211548,1.3734122514724731,1.2912732362747192,1.4543901681900024,0.019999999552965164
21,4.225959892272949,0.7258549332618713,0.8413388729095459,0.6990915536880493,0.7956559062004089,0.6333302855491638,0.5306880474090576,0.9917134046554565,1.3490538597106934,1.0778940916061401,1.3226062059402466,0.969015896320343,1.2586543560028076,1.086452603340149,1.34885573387146,0.9020429253578186,1.2179795503616333,0.8584963083267212,1.173101782798767,2.5337367057800293,0.417978435754776,0.50419682264328,0.41965365409851074,0.4848349392414093,0.37078729271888733,0.3362855017185211,0.7818486094474792,1.418413519859314,0.7823123931884766,1.3706998825073242,0.8118886947631836,1.5607856512069702,0.8040069937705994,1.321051001548767,0.7090229988098145,1.5031704902648926,0.6412778496742249,1.530138373374939,0.009999999776482582
22,4.168600525856018,0.7385826110839844,0.8107922077178955,0.6725321412086487,0.7764861583709717,0.6169763207435608,0.5532309412956238,0.9504781365394592,1.2088992595672607,1.0288431644439697,1.3197365999221802,0.9336035847663879,1.229238510131836,0.9914973974227905,1.2516345977783203,0.9056178331375122,1.2764813899993896,0.8376608490943909,1.2822242975234985,2.3973429203033447,0.40890631079673767,0.47287145256996155,0.40831494331359863,0.4510815143585205,0.34444186091423035,0.311726838350296,0.7529246807098389,1.2415680885314941,0.7256916165351868,1.3056806325912476,0.7761891484260559,1.4870548248291016,0.7579643726348877,1.160032868385315,0.6708135008811951,1.3767493963241577,0.5973431468009949,1.3749393224716187,0.009999999776482582
23,3.8870552492141726,0.6422119140625,0.7712532877922058,0.6635610461235046,0.7290651202201843,0.5870120525360107,0.49395179748535156,0.8925234079360962,1.1848995685577393,0.9812670946121216,1.2494618892669678,0.9224716424942017,1.230475902557373,0.9763656854629517,1.245835781097412,0.8946184515953064,1.2310152053833008,0.8149664402008057,1.2680583000183105,2.9996676445007324,0.4899477958679199,0.5775381326675415,0.499469131231308,0.560828447341919,0.4432545006275177,0.42862972617149353,0.8890030384063721,1.282380223274231,0.9409842491149902,1.3437299728393555,0.996865451335907,1.3831819295883179,0.956516444683075,1.1045233011245728,0.8944187164306641,1.4754947423934937,0.8156444430351257,1.6802496910095215,0.009999999776482582
24,4.032703247070312,0.70293128490448,0.8011355400085449,0.6586312055587769,0.770184338092804,0.5932595729827881,0.5065613985061646,0.9271965026855469,1.2052050828933716,1.0166298151016235,1.2927361726760864,0.9242380261421204,1.1620179414749146,1.0336445569992065,1.2840712070465088,0.8955854773521423,1.2661736011505127,0.8237812519073486,1.2726141214370728,2.360581159591675,0.3964271545410156,0.45000743865966797,0.39861860871315,0.44392433762550354,0.3291141092777252,0.34248948097229004,0.7436723709106445,1.2905288934707642,0.7151467204093933,1.289402723312378,0.7990280985832214,1.4375683069229126,0.7457210421562195,1.249548077583313,0.6983697414398193,1.4108881950378418,0.6860870718955994,1.6459054946899414,0.009999999776482582
25,3.920894465446472,0.6573631167411804,0.7802991271018982,0.6513955593109131,0.7443716526031494,0.5854997038841248,0.501965343952179,0.916171133518219,1.2257219552993774,0.9908788204193115,1.253186821937561,0.9173885583877563,1.140831470489502,0.9940728545188904,1.231525182723999,0.8945522308349609,1.1966098546981812,0.831315279006958,1.3085696697235107,4.011038780212402,0.622353732585907,0.7156798243522644,0.6899082660675049,0.7351675033569336,0.6673665642738342,0.5805626511573792,1.069137692451477,1.9548767805099487,1.171744465827942,1.7629107236862183,1.3406330347061157,1.9118728637695312,1.1947470903396606,1.6919704675674438,1.2538697719573975,2.000377893447876,1.0716040134429932,2.2329390048980713,0.009999999776482582
26,3.9704625368118287,0.6652396321296692,0.799235999584198,0.663321316242218,0.7548239231109619,0.58744877576828,0.5003928542137146,0.8453080654144287,1.0931421518325806,0.9841286540031433,1.2521097660064697,0.8974661827087402,1.208173155784607,0.9716781377792358,1.2735087871551514,0.8629648089408875,1.1822417974472046,0.7862857580184937,1.1436883211135864,2.385441541671753,0.40206870436668396,0.4534006118774414,0.39717578887939453,0.4658795893192291,0.34370294213294983,0.32321402430534363,0.7559168338775635,1.198349952697754,0.7151932120323181,1.2048957347869873,0.7709483504295349,1.3097150325775146,0.7749121785163879,1.1345831155776978,0.6905030608177185,1.2884469032287598,0.627654492855072,1.3734012842178345,0.009999999776482582
27,4.093406939506531,0.732067883014679,0.7845687866210938,0.6783643364906311,0.7637365460395813,0.6113009452819824,0.5233686566352844,0.9617249965667725,1.3326460123062134,0.9898776412010193,1.246201992034912,0.9406773447990417,1.220483422279358,1.0145182609558105,1.236030101776123,0.9005404114723206,1.2639992237091064,0.8224577903747559,1.2117080688476562,2.5196545918782554,0.43126532435417175,0.526148796081543,0.40275371074676514,0.4705040156841278,0.3541508615016937,0.33483195304870605,0.7924012541770935,1.5918837785720825,0.8141787052154541,1.5728936195373535,0.785327136516571,1.7428503036499023,0.7929531931877136,1.4645977020263672,0.7165213227272034,1.6899909973144531,0.7069535851478577,1.8088442087173462,0.009999999776482582
28,3.9678514194488526,0.6862654089927673,0.806240975856781,0.6262185573577881,0.7564687132835388,0.5860803723335266,0.5065773129463196,0.9146135449409485,1.2697701454162598,1.0257177352905273,1.3161884546279907,0.8930489420890808,1.1667771339416504,0.9986332058906555,1.3089447021484375,0.8645077347755432,1.1992523670196533,0.825980007648468,1.291724443435669,2.8123230934143066,0.43314385414123535,0.5598285794258118,0.4545978009700775,0.5180070996284485,0.43061113357543945,0.4161345660686493,0.8056966662406921,1.5097742080688477,0.8565055727958679,1.4672460556030273,0.930884838104248,1.6158803701400757,0.880352795124054,1.3062219619750977,0.8687701225280762,1.5728331804275513,0.8006450533866882,1.7950153350830078,0.009999999776482582
29,4.106399707794189,0.6906958222389221,0.809278130531311,0.6875845193862915,0.77741539478302,0.601592481136322,0.5398334264755249,0.932097315788269,1.1871474981307983,0.9985788464546204,1.241611123085022,0.9366592168807983,1.1723275184631348,1.0132895708084106,1.2074131965637207,0.8671725988388062,1.1514438390731812,0.830848217010498,1.1879183053970337,2.5727829138437905,0.4123785197734833,0.49418625235557556,0.42670938372612,0.48249635100364685,0.3754684031009674,0.3815440237522125,0.7804846167564392,1.363017201423645,0.7954826354980469,1.3610949516296387,0.8428494334220886,1.454598069190979,0.7901618480682373,1.205798625946045,0.7797608971595764,1.499030590057373,0.7362902760505676,1.6875842809677124,0.009999999776482582
30,3.7031411480903627,0.6447141170501709,0.7379601001739502,0.6178666949272156,0.6948829889297485,0.5535696148872375,0.45414772629737854,0.8694735765457153,1.1690295934677124,0.9658925533294678,1.2668702602386475,0.8886055946350098,1.1824924945831299,0.949892520904541,1.1800984144210815,0.8574709892272949,1.2028478384017944,0.7660409808158875,1.1093305349349976,2.37637996673584,0.386995792388916,0.4612317979335785,0.40161681175231934,0.4473458528518677,0.34294721484184265,0.3362426459789276,0.7440198063850403,1.4002071619033813,0.7465799450874329,1.386575698852539,0.793341338634491,1.6101552248001099,0.7573012709617615,1.2945793867111206,0.7065505981445312,1.5555368661880493,0.6814095973968506,1.6823879480361938,0.009999999776482582
31,3.881183729171753,0.6651080250740051,0.7476048469543457,0.6323330998420715,0.7402437329292297,0.582603394985199,0.5132905840873718,0.9225180149078369,1.2208943367004395,0.9644489884376526,1.2194828987121582,0.8643480539321899,1.1329114437103271,0.9938102960586548,1.294106125831604,0.8412879109382629,1.224610686302185,0.7965125441551208,1.2005163431167603,2.5488677819569907,0.45005714893341064,0.5055395364761353,0.4458552896976471,0.462628573179245,0.34898829460144043,0.33579888939857483,0.8025071620941162,1.119442343711853,0.7664461135864258,1.1721616983413696,0.8257895112037659,1.2969845533370972,0.7670190930366516,0.9464067816734314,0.6846135258674622,1.2552579641342163,0.6551101803779602,1.4718222618103027,0.009999999776482582
32,3.895074291229248,0.6554908156394958,0.7906926870346069,0.6366289258003235,0.7483136057853699,0.5683123469352722,0.4956359565258026,0.8721209764480591,1.132533073425293,0.9686126112937927,1.2599393129348755,0.8926963210105896,1.1785770654678345,0.9563517570495605,1.2304614782333374,0.8392171263694763,1.199180245399475,0.7928175926208496,1.162339687347412,2.5455191135406494,0.4029748737812042,0.5030345320701599,0.4337482750415802,0.48261842131614685,0.3708118498325348,0.3523313105106354,0.7565417289733887,1.319515585899353,0.7966254353523254,1.3400764465332031,0.8482744693756104,1.4948596954345703,0.8007246851921082,1.1448227167129517,0.7399296760559082,1.4244308471679688,0.6978616118431091,1.5971132516860962,0.009999999776482582
33,3.7895170974731447,0.6616964936256409,0.7539924383163452,0.6227962374687195,0.7204648852348328,0.5668883919715881,0.46367865800857544,0.8770741820335388,1.075679898262024,0.9506179094314575,1.200475811958313,0.8572573661804199,1.08753502368927,0.9709188342094421,1.1742945909500122,0.8499905467033386,1.1271061897277832,0.7478010058403015,1.105164647102356,2.385122537612915,0.3960224688053131,0.46809402108192444,0.4030231237411499,0.45544418692588806,0.3415074050426483,0.3210313320159912,0.7565013766288757,1.3458398580551147,0.7412276268005371,1.3364142179489136,0.7643077373504639,1.5569669008255005,0.7709051966667175,1.3206104040145874,0.6527461409568787,1.3970022201538086,0.6294410228729248,1.5404447317123413,0.009999999776482582
34,3.7211077928543093,0.6382977366447449,0.7250847816467285,0.6137892603874207,0.7109332084655762,0.5634846687316895,0.46951815485954285,0.8620120286941528,1.1976771354675293,0.9379550218582153,1.2183313369750977,0.8685504794120789,1.1487600803375244,0.9386021494865417,1.202188491821289,0.8490939140319824,1.2338618040084839,0.7695416212081909,1.2496938705444336,2.4414896170298257,0.39967384934425354,0.4597187042236328,0.3895539939403534,0.46526074409484863,0.3574008643627167,0.3698815107345581,0.7819747924804688,1.647058129310608,0.7698848247528076,1.556296706199646,0.8160119652748108,1.696418285369873,0.7962984442710876,1.533797264099121,0.774038553237915,1.736983299255371,0.7598443627357483,1.9264593124389648,0.009999999776482582
35,3.7082426500320436,0.6251645088195801,0.7700797319412231,0.5964369773864746,0.6813445091247559,0.5565069317817688,0.47870975732803345,0.8430336117744446,1.0939984321594238,0.9662871360778809,1.195509433746338,0.8458467721939087,1.0696942806243896,0.9363604187965393,1.1673794984817505,0.8088357448577881,1.1193013191223145,0.7362720370292664,1.0410513877868652,2.519038120905558,0.4057311713695526,0.4696592092514038,0.4281606674194336,0.4675743579864502,0.38013955950737,0.3677732050418854,0.7652105689048767,1.1952074766159058,0.7607033848762512,1.2052260637283325,0.8573682308197021,1.3030461072921753,0.7939760088920593,1.0246152877807617,0.7501740455627441,1.203048825263977,0.6789562106132507,1.3943986892700195,0.009999999776482582
36,3.897837677001953,0.6336632966995239,0.7807578444480896,0.6333167552947998,0.7486479878425598,0.6031846404075623,0.4982670545578003,0.9145202040672302,1.1871235370635986,0.9823278188705444,1.2560940980911255,0.9016695618629456,1.126327395439148,1.013035774230957,1.2348995208740234,0.9033949971199036,1.2106349468231201,0.7959049940109253,1.1526988744735718,2.655923287073771,0.41696465015411377,0.5141685009002686,0.44274917244911194,0.4935208857059479,0.40263351798057556,0.38588663935661316,0.7925839424133301,1.278168797492981,0.8202220797538757,1.2125104665756226,0.9071944355964661,1.283923625946045,0.8295249938964844,1.1232038736343384,0.8233758807182312,1.3067559003829956,0.7396202683448792,1.5478978157043457,0.009999999776482582
37,3.7528481769561766,0.6468037962913513,0.7492299675941467,0.6198904514312744,0.7108800411224365,0.5462048053741455,0.479839026927948,0.8781440854072571,1.1655505895614624,0.9645963311195374,1.2354718446731567,0.8747849464416504,1.1217120885849,0.9576740860939026,1.1753318309783936,0.8175148963928223,1.1719571352005005,0.8098510503768921,1.2675873041152954,2.4369774659474692,0.3915473222732544,0.4682539403438568,0.39982274174690247,0.4554361402988434,0.35847386717796326,0.3634434640407562,0.7635992169380188,1.4307023286819458,0.7581598162651062,1.4543613195419312,0.8046385645866394,1.5509748458862305,0.7776309847831726,1.3540414571762085,0.7459827065467834,1.5855737924575806,0.7342574596405029,1.8014649152755737,0.009999999776482582
38,3.9275612735748293,0.6674652695655823,0.7908845543861389,0.633694589138031,0.7512089014053345,0.583467960357666,0.5008398294448853,0.9022112488746643,1.1555134057998657,0.9723395705223083,1.190176010131836,0.8871456980705261,1.0668259859085083,0.9813416004180908,1.1641590595245361,0.8429527282714844,1.1247584819793701,0.7670889496803284,1.1348553895950317,2.6413079102834067,0.4224170744419098,0.496763676404953,0.4497091472148895,0.4748726785182953,0.3895120322704315,0.4080334007740021,0.800405740737915,1.4814420938491821,0.830820620059967,1.532077431678772,0.8914863467216492,1.698984980583191,0.8192254900932312,1.3750629425048828,0.8257265090942383,1.7543820142745972,0.8240727782249451,2.0208327770233154,0.009999999776482582
39,3.567870268821716,0.6031800508499146,0.719794750213623,0.6017352938652039,0.6603457927703857,0.5249271392822266,0.4578871428966522,0.8425039052963257,1.0832878351211548,0.9288013577461243,1.2239753007888794,0.8471535444259644,1.1092489957809448,0.8974025249481201,1.1873520612716675,0.7944934368133545,1.1263138055801392,0.7695371508598328,1.2226027250289917,2.4503241380055747,0.40600380301475525,0.4668065309524536,0.4222841262817383,0.4463115930557251,0.35340890288352966,0.35550928115844727,0.7842597961425781,1.3974528312683105,0.7718475461006165,1.39669668674469,0.8630339503288269,1.6187137365341187,0.7923736572265625,1.3139439821243286,0.7580787539482117,1.5798726081848145,0.736987292766571,1.7989979982376099,0.009999999776482582
40,3.8809569096565246,0.6693423986434937,0.7814757823944092,0.6342519521713257,0.7293838262557983,0.5806663632392883,0.4858364760875702,0.8843427896499634,1.0480138063430786,0.9544513821601868,1.1775224208831787,0.8937947750091553,1.0991730690002441,0.9739567041397095,1.1847693920135498,0.8585342168807983,1.1448708772659302,0.7834944725036621,1.1971099376678467,2.5844189325968423,0.4214247167110443,0.5053658485412598,0.44302988052368164,0.4831978380680084,0.369764119386673,0.36163637042045593,0.7971609234809875,1.1496065855026245,0.7980372309684753,1.080941081047058,0.876535952091217,1.1851006746292114,0.8248305320739746,1.0054924488067627,0.7492907047271729,1.1163429021835327,0.6987916827201843,1.3783563375473022,0.009999999776482582
41,3.5944492053985595,0.6341241598129272,0.732039213180542,0.573198139667511,0.6922775506973267,0.5114235281944275,0.4513867199420929,0.8617502450942993,1.1026103496551514,0.955044150352478,1.1816293001174927,0.8383338451385498,1.0394508838653564,0.916205883026123,1.1209298372268677,0.8039417862892151,1.1097170114517212,0.7480893135070801,1.035301685333252,2.8457493782043457,0.4468510150909424,0.5391811728477478,0.46583113074302673,0.504850447177887,0.43897756934165955,0.45005807280540466,0.8543662428855896,1.7986984252929688,0.910646915435791,1.8640403747558594,0.9580795764923096,2.112093210220337,0.8943151831626892,1.7403587102890015,0.9170055985450745,2.187544107437134,0.8962714076042175,2.308370351791382,0.009999999776482582
42,3.7798325300216673,0.6499183177947998,0.7762206792831421,0.6053755283355713,0.7220403552055359,0.555778443813324,0.4704991579055786,0.895017683506012,1.178765058517456,0.973595142364502,1.2593274116516113,0.8607938885688782,1.1691837310791016,0.957594096660614,1.2202242612838745,0.8114346265792847,1.089765191078186,0.7612630724906921,1.1080366373062134,2.4815401236216226,0.41924190521240234,0.4847835600376129,0.40037378668785095,0.48293742537498474,0.33949828147888184,0.35470524430274963,0.7696764469146729,1.6672663688659668,0.7843729853630066,1.6198245286941528,0.8100987076759338,1.7692848443984985,0.7959992289543152,1.5591802597045898,0.7131797671318054,1.6561564207077026,0.7312131524085999,1.8518694639205933,0.009999999776482582
43,3.7505122900009153,0.6294412016868591,0.7437506318092346,0.6089575886726379,0.7218126058578491,0.5818020105361938,0.46474820375442505,0.8356624841690063,1.0834509134292603,0.927415132522583,1.1605061292648315,0.8264137506484985,1.0639128684997559,0.9070930480957031,1.1037545204162598,0.8352007865905762,1.0994702577590942,0.7551737427711487,1.0472594499588013,2.34403928120931,0.3728105127811432,0.46409842371940613,0.3965374529361725,0.44468411803245544,0.33173951506614685,0.3341691493988037,0.7029531598091125,1.4206167459487915,0.7488873600959778,1.4720360040664673,0.7978019714355469,1.6726799011230469,0.7434256672859192,1.3601309061050415,0.6914110779762268,1.556971549987793,0.6777971386909485,1.7098325490951538,0.009999999776482582
44,3.4929636096954346,0.5877724289894104,0.710602343082428,0.5608223676681519,0.6537201404571533,0.5379315614700317,0.4421147406101227,0.837597131729126,1.0424258708953857,0.8956581950187683,1.1465785503387451,0.7982046008110046,1.0483944416046143,0.9016095995903015,1.0896835327148438,0.8027621507644653,1.133003830909729,0.7020980715751648,1.0942890644073486,2.342928727467855,0.38154518604278564,0.4435746669769287,0.40141037106513977,0.4474879205226898,0.337703675031662,0.3312068581581116,0.6956138014793396,1.2624813318252563,0.7077844738960266,1.342523455619812,0.8069696426391602,1.4323457479476929,0.743049681186676,1.231332778930664,0.68116694688797,1.2489358186721802,0.6439828872680664,1.4315229654312134,0.009999999776482582
45,3.7902477502822878,0.6388652920722961,0.7627219557762146,0.6265705823898315,0.7168525457382202,0.5654059052467346,0.47983160614967346,0.8787879943847656,1.2035685777664185,0.9620819091796875,1.2258195877075195,0.8834081292152405,1.0685430765151978,0.9445569515228271,1.1607353687286377,0.8705852627754211,1.1662521362304688,0.7653805613517761,1.0789177417755127,2.419435977935791,0.39716723561286926,0.46598494052886963,0.4200093746185303,0.44359901547431946,0.344870001077652,0.34780535101890564,0.7485838532447815,1.1962156295776367,0.7273640632629395,1.2722610235214233,0.8129957318305969,1.4315434694290161,0.763948917388916,1.0944348573684692,0.7000132203102112,1.3739700317382812,0.6779206395149231,1.58255136013031,0.009999999776482582
46,3.5639151096343995,0.6109355688095093,0.7078948020935059,0.5835437178611755,0.6951379179954529,0.5281015634536743,0.4383012056350708,0.8550057411193848,1.1179760694503784,0.909658670425415,1.1368944644927979,0.8344634175300598,1.0706738233566284,0.9145554304122925,1.1339911222457886,0.8081209659576416,1.0742319822311401,0.7209457159042358,1.1008479595184326,2.3417739868164062,0.3808495104312897,0.4337726831436157,0.4107414186000824,0.4287608563899994,0.34851112961769104,0.3391384780406952,0.7150487303733826,1.1546624898910522,0.7137057781219482,1.3158479928970337,0.8039453029632568,1.4718297719955444,0.7195305824279785,1.0810636281967163,0.699774444103241,1.3914140462875366,0.6600828766822815,1.566110610961914,0.009999999776482582
47,3.655490765571594,0.6192748546600342,0.736677885055542,0.5911323428153992,0.7063657641410828,0.5671413540840149,0.43489861488342285,0.8390136957168579,1.1297346353530884,0.9459241628646851,1.202078104019165,0.84407639503479,1.1433444023132324,0.9419547319412231,1.18755042552948,0.8187337517738342,1.1406865119934082,0.6936509609222412,1.0531572103500366,2.458237965901693,0.4137554466724396,0.48111701011657715,0.42853233218193054,0.4482426643371582,0.3572666347026825,0.3293238580226898,0.7514300346374512,0.9231603741645813,0.7479085922241211,1.2385954856872559,0.802684485912323,1.3218148946762085,0.7506787776947021,0.9758312702178955,0.682262122631073,1.2576788663864136,0.6176232695579529,1.393311619758606,0.009999999776482582
48,3.7491556882858275,0.6639238595962524,0.7540834546089172,0.5967914462089539,0.702869176864624,0.5533003211021423,0.47818753123283386,0.8763850927352905,1.1320106983184814,0.9130557775497437,1.1150165796279907,0.862047553062439,1.034222960472107,0.9292564392089844,1.1476577520370483,0.8395788669586182,1.1306759119033813,0.7671453952789307,1.1589460372924805,2.454075256983439,0.40657472610473633,0.45435962080955505,0.4163456857204437,0.4520961046218872,0.35527434945106506,0.36942484974861145,0.7849674820899963,1.3844690322875977,0.7559433579444885,1.3480106592178345,0.837547242641449,1.4610157012939453,0.7941433787345886,1.3046351671218872,0.754360020160675,1.4683905839920044,0.7373383045196533,1.7326793670654297,0.009999999776482582
49,3.5281003880500794,0.6033853888511658,0.7171667218208313,0.5564285516738892,0.6613178253173828,0.5410725474357605,0.44872933626174927,0.8439515829086304,1.1232839822769165,0.9359526038169861,1.1873236894607544,0.786191999912262,0.9936584234237671,0.9288061261177063,1.2257896661758423,0.8035988807678223,1.0791372060775757,0.7580196857452393,1.0948389768600464,2.445918242136637,0.3895673453807831,0.4731932580471039,0.4333841800689697,0.4259946048259735,0.35168352723121643,0.37209537625312805,0.7630899548530579,1.4539426565170288,0.7840096354484558,1.5260480642318726,0.8368165493011475,1.7215920686721802,0.7641892433166504,1.3562860488891602,0.7558853626251221,1.6963521242141724,0.7553484439849854,1.9263862371444702,0.009999999776482582
50,3.7622968482971193,0.6361150145530701,0.7587876319885254,0.6128520369529724,0.7242138385772705,0.5601849555969238,0.47014346718788147,0.8586328625679016,1.1332637071609497,0.9676638841629028,1.2608749866485596,0.8667763471603394,1.0717971324920654,0.9421432018280029,1.1972724199295044,0.8342097401618958,1.0679142475128174,0.7790418863296509,1.0977892875671387,2.5736518700917563,0.4082876741886139,0.5314074158668518,0.44496944546699524,0.43012872338294983,0.3805462121963501,0.37831220030784607,0.744744598865509,1.1817492246627808,0.8056240677833557,1.4115501642227173,0.8323054909706116,1.6166783571243286,0.7412078976631165,1.1483783721923828,0.7562346458435059,1.6478261947631836,0.7237640023231506,1.8087819814682007,0.009999999776482582
51,3.616865906715393,0.6545955538749695,0.6927801370620728,0.5919101238250732,0.6867928504943848,0.5466275215148926,0.44416001439094543,0.9084718823432922,1.0574077367782593,0.9283497333526611,1.160345196723938,0.874219536781311,1.0829458236694336,0.9450329542160034,1.1483806371688843,0.8443770408630371,1.1394453048706055,0.7334247827529907,1.0833462476730347,2.6131350994110107,0.40951457619667053,0.5420525670051575,0.4424562454223633,0.44484177231788635,0.390628844499588,0.38364100456237793,0.7675044536590576,1.3156298398971558,0.8190758228302002,1.4621247053146362,0.8228157162666321,1.6434253454208374,0.7669992446899414,1.2608667612075806,0.7622401118278503,1.670641541481018,0.7306424975395203,1.8025447130203247,0.0010000000474974513
52,3.6844867181777956,0.6283449530601501,0.7196467518806458,0.597109854221344,0.7060889601707458,0.5745878219604492,0.4587085247039795,0.8329418897628784,1.1160130500793457,0.9127406477928162,1.1455687284469604,0.8226606845855713,1.0798450708389282,0.9179978966712952,1.1973280906677246,0.8301630616188049,1.1056022644042969,0.7388694882392883,1.137428879737854,2.4078022638956704,0.3837103843688965,0.48177433013916016,0.42598235607147217,0.42246565222740173,0.34995222091674805,0.3439173698425293,0.7190082669258118,1.122548222541809,0.7606437802314758,1.3349148035049438,0.7961268424987793,1.4962488412857056,0.7140106558799744,1.0672416687011719,0.6885380744934082,1.4277877807617188,0.6520674228668213,1.5912446975708008,0.0010000000474974513
53,3.3293109941482544,0.5427618622779846,0.6881725192070007,0.5382348895072937,0.6376333832740784,0.5101649165153503,0.41234344244003296,0.7919483780860901,0.9772002696990967,0.9009273052215576,1.130028247833252,0.7809326648712158,1.0473432540893555,0.8711214661598206,1.0636978149414062,0.7770223021507263,1.124424695968628,0.6941877007484436,0.9965137243270874,2.411409616470337,0.3954143524169922,0.4848531186580658,0.4244305193424225,0.417577862739563,0.3464955985546112,0.3426380157470703,0.7239049077033997,0.9999125003814697,0.7414546012878418,1.2215498685836792,0.7796206474304199,1.402650237083435,0.7163734436035156,0.967603862285614,0.6729066967964172,1.349888801574707,0.6426339149475098,1.5235867500305176,0.0010000000474974513
54,3.6046610116958617,0.6345415115356445,0.7217320203781128,0.5754089951515198,0.6692954897880554,0.5549951791763306,0.4486874043941498,0.8647536635398865,1.0536484718322754,0.9140406847000122,1.1072407960891724,0.8181051015853882,1.0134494304656982,0.918430507183075,1.134260892868042,0.8250215649604797,1.0671491622924805,0.727634608745575,1.0029866695404053,2.3645333449045816,0.38749733567237854,0.4683913290500641,0.42176198959350586,0.4166995584964752,0.33756664395332336,0.3326164186000824,0.7160472869873047,1.008522391319275,0.7336638569831848,1.2244127988815308,0.7873749136924744,1.3944228887557983,0.712374746799469,0.9520919919013977,0.660895824432373,1.2818964719772339,0.6215011477470398,1.460711121559143,0.0010000000474974513
55,3.704802980422974,0.6466103196144104,0.7341945767402649,0.5890682339668274,0.7156727313995361,0.5648974776268005,0.454359769821167,0.8683915734291077,1.1135610342025757,0.9080519080162048,1.1279082298278809,0.8336077332496643,1.0767368078231812,0.9362676739692688,1.1669459342956543,0.843799352645874,1.1166901588439941,0.7605252861976624,1.0544023513793945,2.362724860509237,0.3829585611820221,0.46958112716674805,0.417795330286026,0.42619892954826355,0.3317359685897827,0.33445489406585693,0.7246642112731934,1.0826351642608643,0.7483818531036377,1.2615625858306885,0.7886415123939514,1.4031349420547485,0.7281742095947266,1.0094738006591797,0.6548075079917908,1.2545653581619263,0.6276991367340088,1.4673333168029785,0.0010000000474974513
56,3.782162709236145,0.627355694770813,0.7669864892959595,0.6358388066291809,0.7069250345230103,0.5568169951438904,0.48823970556259155,0.8535025119781494,1.0773138999938965,0.9602870941162109,1.1545644998550415,0.8672941327095032,1.0745090246200562,0.9155310988426208,1.095166802406311,0.8132503628730774,1.072888970375061,0.7745892405509949,1.1356194019317627,2.3851029872894287,0.3839546740055084,0.47830578684806824,0.40829095244407654,0.43794259428977966,0.3344373404979706,0.3421717584133148,0.7352758049964905,1.1771646738052368,0.761077880859375,1.3030412197113037,0.7802934646606445,1.3859113454818726,0.7422054409980774,1.0838158130645752,0.6551722884178162,1.2703641653060913,0.6406635642051697,1.4811912775039673,0.0010000000474974513
57,3.769199423789978,0.6545232534408569,0.7366002798080444,0.6084441542625427,0.7271347045898438,0.5564167499542236,0.48608025908470154,0.9090908765792847,1.1238906383514404,0.9649162888526917,1.203134298324585,0.8462245464324951,1.0082316398620605,0.9508975148200989,1.09980046749115,0.8409108519554138,1.110219955444336,0.7534749507904053,1.0836477279663086,2.3871567249298096,0.38358333706855774,0.47304439544677734,0.40864577889442444,0.4404662549495697,0.3373531103134155,0.34406375885009766,0.7297799587249756,1.1969929933547974,0.7573884129524231,1.3125077486038208,0.7892512679100037,1.3942772150039673,0.7439951300621033,1.1103757619857788,0.6642157435417175,1.2908612489700317,0.6521328687667847,1.5097452402114868,0.0010000000474974513
58,3.527419996261597,0.6143525838851929,0.7419714331626892,0.5797611474990845,0.6621367931365967,0.5066691040992737,0.4225292503833771,0.8481913805007935,1.0815634727478027,0.9233474731445312,1.1517211198806763,0.8223286271095276,1.0400909185409546,0.9157649278640747,1.104485034942627,0.7784286737442017,1.0822347402572632,0.7061166167259216,1.039841890335083,2.3663370609283447,0.38135382533073425,0.458810955286026,0.40978145599365234,0.43686819076538086,0.33880481123924255,0.34071770310401917,0.719149112701416,1.1754783391952515,0.7398822903633118,1.294711709022522,0.8014673590660095,1.395533561706543,0.7387979626655579,1.105542778968811,0.6720122694969177,1.2827609777450562,0.6504202485084534,1.4944310188293457,0.0010000000474974513
59,3.5956134366989136,0.6237174868583679,0.7444856762886047,0.5707813501358032,0.6823951005935669,0.5278232097625732,0.44641074538230896,0.8329896330833435,1.0362502336502075,0.929635763168335,1.1503305435180664,0.8160218000411987,1.0175738334655762,0.9071229696273804,1.1226458549499512,0.803336501121521,1.1120314598083496,0.7306344509124756,1.132706880569458,2.3292845090230307,0.3829096257686615,0.462723046541214,0.4137272536754608,0.4154653549194336,0.33260729908943176,0.32185184955596924,0.7167813777923584,1.0389209985733032,0.7252602577209473,1.219765305519104,0.7805600166320801,1.3690770864486694,0.7106224894523621,0.9673218131065369,0.646584689617157,1.239540696144104,0.6099034547805786,1.4216612577438354,0.0010000000474974513
60,3.5508221101760866,0.6191742420196533,0.6968491077423096,0.5733352899551392,0.669535219669342,0.539305567741394,0.45262259244918823,0.8319106101989746,1.1435012817382812,0.9061675071716309,1.1561113595962524,0.8246769905090332,1.025538682937622,0.8871473670005798,1.1744533777236938,0.818595290184021,1.1226178407669067,0.734551191329956,1.127557635307312,2.295449733734131,0.3696533143520355,0.4622650146484375,0.40225860476493835,0.407755583524704,0.3296569287776947,0.3238604664802551,0.6992214322090149,1.0616265535354614,0.7218494415283203,1.2825496196746826,0.7529965043067932,1.4116989374160767,0.6983526349067688,1.008366346359253,0.6401482224464417,1.3145910501480103,0.6117849946022034,1.476873517036438,0.0010000000474974513
61,3.6483526706695555,0.6295152902603149,0.7221937775611877,0.5763696432113647,0.7162683606147766,0.5451110601425171,0.4588943421840668,0.8678556084632874,1.079696536064148,0.8842079043388367,1.1192715167999268,0.8053513169288635,1.0222607851028442,0.9225229620933533,1.1399730443954468,0.8282501697540283,1.1192817687988281,0.7595195174217224,1.0507549047470093,2.322345733642578,0.37634608149528503,0.4606669843196869,0.41299310326576233,0.41683492064476013,0.33146777749061584,0.3240368664264679,0.7088599801063538,1.062052607536316,0.7276870608329773,1.2718697786331177,0.7759289145469666,1.4194682836532593,0.7113849520683289,1.0054335594177246,0.6462423205375671,1.2895902395248413,0.6148232221603394,1.4690898656845093,0.0010000000474974513
62,3.4613331937789917,0.5992134809494019,0.6982012391090393,0.5507619380950928,0.672527015209198,0.5185986161231995,0.42203083634376526,0.8544461131095886,1.0848695039749146,0.9074996113777161,1.1016578674316406,0.7972906231880188,0.954621434211731,0.9041718244552612,1.0846596956253052,0.8016564249992371,1.0606458187103271,0.7110754251480103,1.0267590284347534,2.335810899734497,0.3888044059276581,0.4571075439453125,0.41651785373687744,0.4191912114620209,0.33082225918769836,0.3233676254749298,0.7235843539237976,1.0078555345535278,0.720227062702179,1.1966315507888794,0.7798397541046143,1.337981104850769,0.7208666801452637,0.9342961311340332,0.6418693661689758,1.194352149963379,0.6043207049369812,1.3854360580444336,0.0010000000474974513
63,3.5431756830215453,0.6354925036430359,0.7269924879074097,0.561525821685791,0.6647771596908569,0.5158000588417053,0.43858757615089417,0.8848478198051453,1.125068187713623,0.9482999444007874,1.2113621234893799,0.8066808581352234,0.9976972937583923,0.9473927021026611,1.1588306427001953,0.7881726026535034,1.1224524974822998,0.723868727684021,1.0224413871765137,2.2936484018961587,0.375256210565567,0.4561401903629303,0.4034428894519806,0.4056603014469147,0.3271287977695465,0.3260200321674347,0.7026498913764954,0.9842709898948669,0.7124139666557312,1.2102833986282349,0.7578487396240234,1.3402200937271118,0.7033357620239258,0.9505593180656433,0.6405728459358215,1.2397915124893188,0.612709105014801,1.4139833450317383,0.0010000000474974513
64,3.38898503780365,0.5737285614013672,0.6842899322509766,0.5546263456344604,0.6609976887702942,0.4978677034378052,0.4174748361110687,0.8257135152816772,1.0244007110595703,0.8937500715255737,1.0885459184646606,0.8189564347267151,1.0533026456832886,0.876160740852356,1.085232138633728,0.7834652066230774,1.0076861381530762,0.7125986218452454,1.0695791244506836,2.313585042953491,0.3777696192264557,0.45570874214172363,0.41180241107940674,0.413470596075058,0.3304503560066223,0.32438334822654724,0.7093687057495117,1.0519981384277344,0.716543972492218,1.2398009300231934,0.7757799625396729,1.387823224067688,0.7058747410774231,0.9694080352783203,0.642103374004364,1.255975365638733,0.6061269640922546,1.4329756498336792,0.0010000000474974513
65,3.717042255401611,0.6688461303710938,0.7441087961196899,0.5734849572181702,0.6878493428230286,0.5807000994682312,0.4620528817176819,0.8589050769805908,1.0697013139724731,0.9392788410186768,1.2177155017852783,0.8078732490539551,0.9992438554763794,0.9006498456001282,1.0317696332931519,0.8486229181289673,1.1742966175079346,0.7376232147216797,1.0913821458816528,2.342139720916748,0.3773324489593506,0.4659803807735443,0.4085877239704132,0.4250127375125885,0.3333669900894165,0.3318593204021454,0.7211873531341553,1.1445475816726685,0.7436330914497375,1.303658127784729,0.7817495465278625,1.418445110321045,0.7218282222747803,1.0566600561141968,0.6557055115699768,1.2722805738449097,0.628862738609314,1.4744306802749634,0.0010000000474974513
66,3.5945356702804565,0.6012807488441467,0.7420427203178406,0.5687711238861084,0.7000582814216614,0.5289863348007202,0.45339640974998474,0.8299886584281921,1.0452666282653809,0.9203811883926392,1.0860003232955933,0.7989814877510071,0.9902724623680115,0.9155243635177612,1.0884339809417725,0.8031663298606873,1.034751534461975,0.7538856267929077,1.0508182048797607,2.3390589555104575,0.37373507022857666,0.4719052016735077,0.4050619602203369,0.4237785339355469,0.33237990736961365,0.3321983814239502,0.7186189293861389,1.1466690301895142,0.7470185160636902,1.2928156852722168,0.777409017086029,1.406756043434143,0.71892911195755,1.0507762432098389,0.6535599231719971,1.2667738199234009,0.6269713044166565,1.465694546699524,0.0010000000474974513
67,3.3380903697013853,0.5672556161880493,0.6651845574378967,0.5419417023658752,0.6165464520454407,0.5130806565284729,0.43408167362213135,0.7794262766838074,1.0151604413986206,0.8676022291183472,1.105085849761963,0.7868292331695557,1.0286822319030762,0.8512946963310242,1.0504169464111328,0.770577609539032,1.131666898727417,0.7172824740409851,1.1224627494812012,2.2951156298319497,0.36772799491882324,0.4586826264858246,0.3986988067626953,0.4167238771915436,0.3278648555278778,0.3254176080226898,0.706908643245697,1.121482253074646,0.7310908436775208,1.3040016889572144,0.7621826529502869,1.4102288484573364,0.7073674201965332,1.0373023748397827,0.6417378783226013,1.2687917947769165,0.6139254570007324,1.453372597694397,0.0010000000474974513
68,3.780326271057129,0.6402206420898438,0.7644750475883484,0.6153808832168579,0.7243844866752625,0.5679212808609009,0.46794402599334717,0.8737793564796448,1.1158294677734375,0.9569377303123474,1.2037843465805054,0.8562412261962891,1.0718414783477783,0.9434629082679749,1.1407073736190796,0.8177512884140015,1.0824352502822876,0.7648415565490723,1.1371991634368896,2.2997254530588784,0.36717739701271057,0.4711117744445801,0.3995983302593231,0.40671220421791077,0.32876279950141907,0.3263629972934723,0.6969678997993469,1.0536283254623413,0.7231135368347168,1.2530632019042969,0.7469668388366699,1.3690227270126343,0.6918757557868958,0.9896885752677917,0.6356813311576843,1.2707895040512085,0.6107454299926758,1.4549775123596191,0.0010000000474974513
69,3.4715356731414797,0.610840380191803,0.710215151309967,0.5508107542991638,0.6607982516288757,0.5292855501174927,0.40958544611930847,0.8624099493026733,1.1044527292251587,0.9054355621337891,1.139909267425537,0.7990008592605591,0.988537073135376,0.9009426236152649,1.0992121696472168,0.8067585229873657,1.1062378883361816,0.6883383393287659,1.0155704021453857,2.2737000783284507,0.3640012741088867,0.4613809287548065,0.3957115709781647,0.40625524520874023,0.3263205587863922,0.32003042101860046,0.6886651515960693,1.0684696435928345,0.7150664329528809,1.272225260734558,0.744617760181427,1.389380931854248,0.685949981212616,1.0028845071792603,0.6310688853263855,1.2815743684768677,0.5986849665641785,1.4433358907699585,0.0010000000474974513
70,3.616945698261261,0.6134188771247864,0.7320030927658081,0.5692281723022461,0.7120054364204407,0.5348236560821533,0.455466628074646,0.8577678203582764,1.1084309816360474,0.935016930103302,1.1703799962997437,0.7802691459655762,0.9535739421844482,0.933357298374176,1.1270984411239624,0.7775059342384338,1.0306953191757202,0.7296059131622314,1.0752795934677124,2.3095080852508545,0.37003788352012634,0.4719621241092682,0.40671083331108093,0.4058699607849121,0.33131638169288635,0.3236108720302582,0.6910333633422852,1.0318328142166138,0.7197239398956299,1.242319107055664,0.7566857933998108,1.373154640197754,0.6828155517578125,0.9594464898109436,0.6412020325660706,1.281506061553955,0.6047962307929993,1.4477680921554565,0.0010000000474974513
71,3.3894701910018923,0.5859996676445007,0.6853209137916565,0.5315399765968323,0.6436007618904114,0.5167655348777771,0.42624324560165405,0.8278295993804932,1.0487475395202637,0.8789288997650146,1.0984879732131958,0.7641084790229797,0.9735116362571716,0.8758669495582581,1.0680649280548096,0.7708376049995422,1.074785590171814,0.6964466571807861,1.0512350797653198,2.29406746228536,0.3700278699398041,0.45989787578582764,0.408416748046875,0.4055640399456024,0.33066773414611816,0.31949320435523987,0.6917126178741455,1.0021499395370483,0.708005964756012,1.2126260995864868,0.7628558278083801,1.3510726690292358,0.6861845850944519,0.928171694278717,0.6379072666168213,1.2387830018997192,0.5940980315208435,1.399459719657898,0.0010000000474974513
72,3.6667445135116576,0.6290745735168457,0.7536987066268921,0.5850427746772766,0.7067069411277771,0.54790860414505,0.4443129599094391,0.8492530584335327,1.1402875185012817,0.9189766049385071,1.1517997980117798,0.840030312538147,1.048474907875061,0.9010254740715027,1.1080076694488525,0.8354060649871826,1.1714400053024292,0.7375112175941467,1.0743433237075806,2.3629956245422363,0.3839423954486847,0.4781907796859741,0.4129023253917694,0.41017258167266846,0.3402761220932007,0.3375113904476166,0.7175717353820801,0.9788315892219543,0.7312415242195129,1.1772358417510986,0.7592191696166992,1.3125953674316406,0.7083250880241394,0.9246172308921814,0.6577151417732239,1.2710468769073486,0.6344925761222839,1.439004898071289,0.0010000000474974513
73,3.671932978630066,0.6518672108650208,0.7199523448944092,0.5904254913330078,0.7115988731384277,0.5309849977493286,0.4671042561531067,0.8717300295829773,1.0619540214538574,0.9086759090423584,1.1011589765548706,0.8216443657875061,0.9969053864479065,0.9245482683181763,1.0435669422149658,0.8050627708435059,1.1136130094528198,0.7600171566009521,1.0854624509811401,2.289250453313192,0.3663080632686615,0.4577849805355072,0.4039158821105957,0.4095538556575775,0.3279688358306885,0.3237188756465912,0.6968604922294617,1.1051639318466187,0.7212010025978088,1.2833770513534546,0.7650375962257385,1.4242690801620483,0.6931950449943542,1.021044135093689,0.6421857476234436,1.2998950481414795,0.6104356646537781,1.4635637998580933,0.0010000000474974513
74,3.5534866642951966,0.6106070876121521,0.7226569652557373,0.5756486058235168,0.6607861518859863,0.5506980419158936,0.4330897927284241,0.807716965675354,1.0629338026046753,0.8945668935775757,1.1427291631698608,0.7755951881408691,1.0392366647720337,0.8696024417877197,1.092018723487854,0.7834833264350891,1.0864371061325073,0.720112144947052,1.0778148174285889,2.285581906636556,0.36604905128479004,0.45781537890434265,0.4054780900478363,0.40587449073791504,0.3280025124549866,0.3223625421524048,0.688361406326294,1.0412064790725708,0.7089905738830566,1.247048020362854,0.7590460777282715,1.4052200317382812,0.6895337104797363,0.9877451062202454,0.6367934346199036,1.2917793989181519,0.602675199508667,1.4489611387252808,0.0010000000474974513
75,3.615384225845337,0.6457996368408203,0.7154949903488159,0.5680851936340332,0.7036585807800293,0.5194767117500305,0.4628690481185913,0.8632389307022095,1.0507805347442627,0.9094918966293335,1.1117744445800781,0.8019243478775024,0.9673450589179993,0.923841655254364,1.085646629333496,0.7937061190605164,1.07502019405365,0.7456314563751221,1.102898359298706,2.290276527404785,0.3667452335357666,0.4556533396244049,0.40749868750572205,0.4093763828277588,0.32912206649780273,0.3218808174133301,0.6918155550956726,1.0562232732772827,0.7149028778076172,1.2631667852401733,0.7656094431877136,1.39924955368042,0.6958289742469788,0.9981274604797363,0.6405115127563477,1.2814468145370483,0.6093789935112,1.447025179862976,0.0010000000474974513
76,3.345941789150238,0.5670190453529358,0.6862484812736511,0.5381643772125244,0.6337844729423523,0.507594883441925,0.41313040256500244,0.795534074306488,1.0128573179244995,0.8678382635116577,1.1219433546066284,0.7492623329162598,0.926839292049408,0.8292806148529053,1.0403021574020386,0.7667617797851562,1.067591905593872,0.7058740258216858,1.0637239217758179,2.3040711085001626,0.3685248792171478,0.4625420570373535,0.40583300590515137,0.4150618016719818,0.3284801244735718,0.323629230260849,0.6960569024085999,1.0507386922836304,0.7266543507575989,1.2643288373947144,0.7633554935455322,1.3721483945846558,0.703825056552887,1.0029246807098389,0.640021026134491,1.2498143911361694,0.6122733950614929,1.4325199127197266,0.0010000000474974513
77,3.3680037832260132,0.5992002487182617,0.6825128793716431,0.5195242166519165,0.6627829074859619,0.4858773946762085,0.41810616850852966,0.8243730664253235,1.1234763860702515,0.9042385816574097,1.165256142616272,0.7500457167625427,1.0113921165466309,0.8977699875831604,1.1372710466384888,0.7557359337806702,1.0646700859069824,0.7188472151756287,1.0572762489318848,2.309415419896444,0.3721260130405426,0.4562285244464874,0.4079549014568329,0.41967543959617615,0.329213947057724,0.32421672344207764,0.7013912796974182,1.0360389947891235,0.7217159867286682,1.2522897720336914,0.7652406096458435,1.3651690483093262,0.7149124145507812,0.9991706013679504,0.6399919986724854,1.23078453540802,0.6127378940582275,1.4251995086669922,0.0010000000474974513
78,3.3212136125564573,0.5730984210968018,0.6715608835220337,0.5258352756500244,0.6183682084083557,0.5064425468444824,0.42590808868408203,0.7867890000343323,0.9871813058853149,0.8623276352882385,1.1191719770431519,0.7663050889968872,0.963900089263916,0.8401229381561279,1.0480566024780273,0.778407871723175,1.0595171451568604,0.7082837820053101,0.9931766986846924,2.3107160727183023,0.3774001896381378,0.46241340041160583,0.40362295508384705,0.4039272367954254,0.33116480708122253,0.33218756318092346,0.7135216593742371,1.0083705186843872,0.7153818011283875,1.2143415212631226,0.7469465136528015,1.340584397315979,0.7030869126319885,0.9683025479316711,0.6427416801452637,1.267748236656189,0.6287857890129089,1.449689507484436,0.0010000000474974513
79,3.497468354701996,0.6011549234390259,0.7055271863937378,0.5727678537368774,0.6300815343856812,0.5494095683097839,0.4385274052619934,0.8260670304298401,1.087500810623169,0.8941112756729126,1.1587144136428833,0.8258907794952393,1.0542036294937134,0.8374330997467041,1.0578606128692627,0.8172991871833801,1.137934923171997,0.7248002886772156,1.0659830570220947,2.3062384923299155,0.3763965368270874,0.46308448910713196,0.4061005413532257,0.4019203186035156,0.32685360312461853,0.33188286423683167,0.7101650834083557,1.0188744068145752,0.7150278091430664,1.2216182947158813,0.7521069645881653,1.353951334953308,0.6986923813819885,0.9664697647094727,0.6344569325447083,1.2554746866226196,0.6236864924430847,1.459782600402832,0.0010000000474974513
80,3.489050168991089,0.5834691524505615,0.7008937001228333,0.5595972537994385,0.671122670173645,0.5326005816459656,0.44136711955070496,0.8220189809799194,1.0197664499282837,0.8908227682113647,1.0882275104522705,0.7884473204612732,0.9751229286193848,0.9045320749282837,1.068325161933899,0.7746735215187073,1.0499472618103027,0.7178972363471985,0.9692142009735107,2.333115021387736,0.3853532373905182,0.4689473807811737,0.4098855257034302,0.402942419052124,0.3313682973384857,0.3346182405948639,0.7237484455108643,1.0131281614303589,0.7221286296844482,1.192778468132019,0.755803108215332,1.3308335542678833,0.7037715315818787,0.9508769512176514,0.6453394293785095,1.2629643678665161,0.6330289244651794,1.4574403762817383,0.0010000000474974513
81,3.5096610593795776,0.58702152967453,0.7459567785263062,0.5466118454933167,0.671508252620697,0.5488055944442749,0.40975692868232727,0.8397077322006226,1.079665184020996,0.9360112547874451,1.1811394691467285,0.8005911111831665,0.9993422627449036,0.9173058867454529,1.1415035724639893,0.8203133344650269,1.0980664491653442,0.7026738524436951,1.0091309547424316,2.319029966990153,0.37477537989616394,0.4671107828617096,0.4092956781387329,0.4128364622592926,0.32933589816093445,0.3256756365299225,0.7069510817527771,1.0612953901290894,0.7257309556007385,1.2442623376846313,0.7658278346061707,1.3835206031799316,0.7043673396110535,0.9954327940940857,0.6362256407737732,1.2392727136611938,0.6047886610031128,1.428276538848877,0.0010000000474974513
82,3.3813467836380005,0.5860900282859802,0.6921550035476685,0.539234459400177,0.6427960395812988,0.5115797519683838,0.40949150919914246,0.8271709680557251,1.066694736480713,0.8922797441482544,1.1646803617477417,0.7997753024101257,0.9604706764221191,0.8720831274986267,1.127355933189392,0.7822086215019226,1.0733447074890137,0.6926567554473877,1.0623828172683716,2.275110960006714,0.3687601089477539,0.4609318673610687,0.39809927344322205,0.39946451783180237,0.3225015699863434,0.3253536820411682,0.6967499256134033,1.0358251333236694,0.7133238315582275,1.2526615858078003,0.7413330078125,1.3727813959121704,0.6921265125274658,0.9800942540168762,0.6216471791267395,1.2500184774398804,0.6051917672157288,1.4402389526367188,0.0010000000474974513
83,3.4540154504776,0.6028488278388977,0.6986035704612732,0.5701512694358826,0.6499204039573669,0.5172786116600037,0.4152127206325531,0.8297979235649109,1.0682319402694702,0.8749945759773254,1.1252559423446655,0.8103446364402771,1.0531032085418701,0.8718631863594055,1.1117196083068848,0.7858835458755493,1.0570052862167358,0.6809044480323792,0.9958831667900085,2.282500425974528,0.36926403641700745,0.45998039841651917,0.40437498688697815,0.39798060059547424,0.324933260679245,0.3259669840335846,0.6938955187797546,1.0582756996154785,0.7088003158569336,1.2659326791763306,0.7565498352050781,1.4234051704406738,0.6833066940307617,0.9879202842712402,0.630626380443573,1.2943981885910034,0.604408860206604,1.472689151763916,0.0010000000474974513
84,3.2561526465415955,0.5535855293273926,0.6527170538902283,0.510546088218689,0.630188524723053,0.5074442028999329,0.40167099237442017,0.7963823676109314,1.0650794506072998,0.8692166209220886,1.0950087308883667,0.755729079246521,0.9620401859283447,0.8513787984848022,1.0652637481689453,0.7866480350494385,1.0527393817901611,0.6971797347068787,0.9952546954154968,2.288438161214193,0.36363041400909424,0.44634947180747986,0.41082119941711426,0.4103986322879791,0.3280477821826935,0.3291906416416168,0.6982805132865906,1.1602461338043213,0.7188383936882019,1.3146892786026,0.7862324118614197,1.459092140197754,0.6956202983856201,1.0710090398788452,0.6545531749725342,1.2983497381210327,0.6299238204956055,1.4972459077835083,0.0010000000474974513
85,3.3878504753112795,0.5828043222427368,0.6813973188400269,0.5457450747489929,0.6392066478729248,0.5110604166984558,0.4276367127895355,0.8021633625030518,1.0565069913864136,0.8655640482902527,1.1288882493972778,0.7728966474533081,1.0373326539993286,0.8671128153800964,1.117167592048645,0.7724604606628418,1.0890893936157227,0.7015174031257629,1.0735458135604858,2.316382726033529,0.3668081760406494,0.4547464847564697,0.40251579880714417,0.4226229190826416,0.3308676779270172,0.338821679353714,0.7004954218864441,1.2668719291687012,0.7306743264198303,1.3744357824325562,0.7838590741157532,1.4908310174942017,0.7052268385887146,1.1717058420181274,0.661932647228241,1.3575830459594727,0.6425434350967407,1.5369237661361694,0.0010000000474974513
86,3.459365231990814,0.6068667769432068,0.6904846429824829,0.5581004619598389,0.6701005697250366,0.5149325728416443,0.41888028383255005,0.8273022174835205,1.080641508102417,0.8897524476051331,1.1448540687561035,0.784766674041748,1.021284818649292,0.8836292028427124,1.13417387008667,0.7682209610939026,1.0306696891784668,0.6970060467720032,1.0576717853546143,2.290635824203491,0.3669529855251312,0.45833149552345276,0.4061542749404907,0.41121482849121094,0.3261905610561371,0.3217916786670685,0.7016656398773193,1.0739144086837769,0.7255606651306152,1.2794543504714966,0.7624673247337341,1.3699764013290405,0.705549955368042,1.0143758058547974,0.6358903050422668,1.2334413528442383,0.6053747534751892,1.4165759086608887,0.0010000000474974513
87,3.53206750869751,0.6300637722015381,0.7142840623855591,0.5570278763771057,0.682599663734436,0.49987170100212097,0.44822025299072266,0.8465608358383179,1.0974029302597046,0.9111331105232239,1.1146241426467896,0.8067033886909485,0.9970337152481079,0.9070467948913574,1.0953419208526611,0.7711517810821533,1.0603731870651245,0.7325798869132996,1.021966576576233,2.2931679089864097,0.3715040385723114,0.46060529351234436,0.40908363461494446,0.4048447906970978,0.32535508275032043,0.32177504897117615,0.7001344561576843,0.967921793460846,0.7062153816223145,1.1899853944778442,0.7581407427787781,1.3222883939743042,0.6965821385383606,0.9014544486999512,0.6271293759346008,1.201557993888855,0.5932655930519104,1.3837112188339233,0.0010000000474974513
88,3.4947004222869875,0.6051977872848511,0.6890616416931152,0.5726316571235657,0.6527977585792542,0.530208945274353,0.44480273127555847,0.8297390937805176,1.0483981370925903,0.8899028897285461,1.1443248987197876,0.8414695262908936,0.9731712937355042,0.8761038780212402,1.1113975048065186,0.8386991620063782,1.0778920650482178,0.7470231652259827,1.0033552646636963,2.2894089221954346,0.36497387290000916,0.45401132106781006,0.40609797835350037,0.4150351583957672,0.3266419470310211,0.32264867424964905,0.7027276158332825,1.073240876197815,0.7202894687652588,1.259771704673767,0.7738564014434814,1.3586941957473755,0.7050849795341492,0.9990021586418152,0.6412051320075989,1.2116529941558838,0.6057884693145752,1.3995428085327148,0.0010000000474974513
89,3.6039989972114563,0.6116121411323547,0.7015765905380249,0.5966283679008484,0.6629910469055176,0.5777902007102966,0.45340076088905334,0.8317469954490662,1.0409108400344849,0.8999060988426208,1.1175230741500854,0.8074825406074524,0.9903472661972046,0.8386926054954529,1.0115443468093872,0.8434891700744629,1.0773460865020752,0.7555098533630371,0.9948844909667969,2.2896525065104165,0.3643859624862671,0.4625892639160156,0.4082472026348114,0.39821329712867737,0.33245787024497986,0.3237590491771698,0.6959667801856995,1.0093692541122437,0.7121217846870422,1.242954134941101,0.7599279284477234,1.3706750869750977,0.6887123584747314,0.9419812560081482,0.6428549289703369,1.265626072883606,0.5976260304450989,1.421927809715271,0.0010000000474974513
90,3.294507520198822,0.5481116771697998,0.708038330078125,0.519456684589386,0.6221563220024109,0.48408928513526917,0.4126552641391754,0.7825583815574646,1.012107491493225,0.8815405964851379,1.1825249195098877,0.7619430422782898,0.988985538482666,0.8448989987373352,1.0269659757614136,0.7492567300796509,0.9925564527511597,0.690655529499054,0.9811537265777588,2.3549462954203286,0.38702061772346497,0.4678990840911865,0.41809090971946716,0.4033966064453125,0.34281817078590393,0.33572089672088623,0.7225449681282043,0.9477446675300598,0.7197349667549133,1.1723300218582153,0.7716705203056335,1.308268427848816,0.7043527960777283,0.8934842944145203,0.6622635126113892,1.2542239427566528,0.6306800246238708,1.4397621154785156,0.0010000000474974513
91,3.765669136047363,0.6608427166938782,0.7202641367912292,0.6147175431251526,0.7567124962806702,0.5464809536933899,0.4666511118412018,0.8746435046195984,1.1390939950942993,0.886646032333374,1.1071256399154663,0.830922544002533,1.020979404449463,0.918501615524292,1.1397343873977661,0.8131198883056641,1.0673167705535889,0.7291386127471924,1.018593192100525,2.327687899271647,0.3760257065296173,0.4654521942138672,0.41706427931785583,0.4076490104198456,0.33310893177986145,0.3283877670764923,0.7034634947776794,0.9594013690948486,0.7126960754394531,1.1834968328475952,0.7710824608802795,1.3386898040771484,0.7004420161247253,0.9022467136383057,0.6435744166374207,1.2322255373001099,0.6066952347755432,1.416176199913025,0.0010000000474974513
92,3.5434475708007813,0.652024507522583,0.6952108144760132,0.5799614191055298,0.6738755106925964,0.5104005336761475,0.4319745898246765,0.8593645691871643,1.0466694831848145,0.9147118330001831,1.128357172012329,0.7979276776313782,1.0368189811706543,0.9114412069320679,1.125002384185791,0.7579661011695862,1.0900591611862183,0.7119803428649902,1.061862826347351,2.304563283920288,0.3702832758426666,0.4553731679916382,0.41127118468284607,0.4166163206100464,0.3277265727519989,0.32329264283180237,0.7019149661064148,1.0394253730773926,0.7157540321350098,1.235432744026184,0.7706572413444519,1.3538594245910645,0.706664502620697,0.9862387776374817,0.6323504447937012,1.2033824920654297,0.6023004651069641,1.4016170501708984,0.0010000000474974513
93,3.584757351875305,0.6079737544059753,0.7364439368247986,0.5539374351501465,0.702078104019165,0.538313090801239,0.4460110366344452,0.8546535968780518,1.1130276918411255,0.9342061877250671,1.1779166460037231,0.7982712388038635,1.004032015800476,0.9216771125793457,1.107160210609436,0.8153027296066284,1.0440858602523804,0.7461932301521301,1.0981988906860352,2.3078529834747314,0.3680152893066406,0.4614957273006439,0.40435126423835754,0.4203845262527466,0.32734569907188416,0.3262604773044586,0.7016628384590149,1.113094687461853,0.7282533645629883,1.2786959409713745,0.7740609049797058,1.367031455039978,0.7039373517036438,1.0305920839309692,0.6413447856903076,1.2258611917495728,0.6136264204978943,1.4154783487319946,0.0010000000474974513
94,3.342212998867035,0.5807536840438843,0.684670090675354,0.5277627110481262,0.6345241665840149,0.49927040934562683,0.41523173451423645,0.8205924034118652,1.0055088996887207,0.8992555141448975,1.136290431022644,0.764400839805603,0.9879653453826904,0.8719318509101868,1.0672599077224731,0.7724618315696716,1.058388590812683,0.7089846134185791,1.0171107053756714,2.3104375203450522,0.3665205240249634,0.45324912667274475,0.3983886241912842,0.42324337363243103,0.3319718539714813,0.3370637893676758,0.7001652717590332,1.244803547859192,0.7318184971809387,1.363836646080017,0.7820320129394531,1.4525741338729858,0.7072632908821106,1.1546040773391724,0.660433292388916,1.3252099752426147,0.6404024958610535,1.5151124000549316,0.0010000000474974513
95,3.5742390823364256,0.6081645488739014,0.7306460738182068,0.564673125743866,0.6795653700828552,0.5230151414871216,0.46817484498023987,0.836904764175415,1.0972809791564941,0.9203546643257141,1.1529667377471924,0.7945938110351562,0.9373741745948792,0.9022467732429504,1.0770747661590576,0.7991047501564026,1.0657004117965698,0.7652730345726013,1.0569380521774292,2.300027767817179,0.3705504834651947,0.4567323923110962,0.40590980648994446,0.41488906741142273,0.32879313826560974,0.32315289974212646,0.7039300799369812,1.049276351928711,0.7225451469421387,1.2536519765853882,0.7656689286231995,1.350272536277771,0.7114730477333069,1.0018922090530396,0.6359407305717468,1.2184010744094849,0.6038653254508972,1.4046074151992798,0.0010000000474974513
96,3.503796591758728,0.6144005060195923,0.7051863074302673,0.5423477292060852,0.6740970611572266,0.5274983048439026,0.4402667284011841,0.8111480474472046,1.0356119871139526,0.8813594579696655,1.1010817289352417,0.7601833343505859,0.9826399087905884,0.8682606220245361,1.1004308462142944,0.7764741778373718,1.0878163576126099,0.7350170612335205,1.059342622756958,2.2911429405212402,0.37109997868537903,0.4585440158843994,0.4009439945220947,0.4004252851009369,0.3311927020549774,0.32893696427345276,0.7081483006477356,1.0263291597366333,0.7010801434516907,1.1779098510742188,0.7510967254638672,1.3314660787582397,0.6949188113212585,0.9683802127838135,0.6364552974700928,1.246633529663086,0.617771327495575,1.4398120641708374,0.0010000000474974513
97,3.3741534328460694,0.5654577016830444,0.7049907445907593,0.5292024612426758,0.6516922116279602,0.505111575126648,0.417698472738266,0.792293906211853,1.0267926454544067,0.9095197916030884,1.1200238466262817,0.7499937415122986,0.9722135066986084,0.8630703687667847,1.077414870262146,0.7659753561019897,1.0677475929260254,0.6913886070251465,0.9865079522132874,2.2775751749674478,0.3664494752883911,0.44920411705970764,0.40851351618766785,0.40216532349586487,0.32781171798706055,0.32343095541000366,0.6932308673858643,0.9812011122703552,0.6935170292854309,1.1827136278152466,0.7645719647407532,1.3454076051712036,0.6926371455192566,0.9284817576408386,0.6281981468200684,1.2034066915512085,0.5933144092559814,1.3860297203063965,0.0010000000474974513
98,3.461927642822266,0.6032965183258057,0.7018711566925049,0.5756756067276001,0.647146463394165,0.5206630229949951,0.4132749140262604,0.8444341421127319,1.1113557815551758,0.8851207494735718,1.1499686241149902,0.8227900862693787,1.0892177820205688,0.8475515246391296,1.1151479482650757,0.7865957021713257,1.0879757404327393,0.6849634051322937,1.0310392379760742,2.2709911664326987,0.36452993750572205,0.4497324526309967,0.40510138869285583,0.39996448159217834,0.32772088050842285,0.3239419758319855,0.6890791058540344,0.9690133929252625,0.6920644640922546,1.1760503053665161,0.756169319152832,1.3300399780273438,0.6876540780067444,0.9191739559173584,0.6230604648590088,1.1928505897521973,0.5916319489479065,1.3783155679702759,0.0010000000474974513
99,3.6596753215789795,0.6336276531219482,0.7277052998542786,0.5835663676261902,0.6941531896591187,0.5674673318862915,0.45315542817115784,0.8443771600723267,1.0740265846252441,0.9245190620422363,1.1477776765823364,0.80158531665802,1.0013431310653687,0.9010151028633118,1.0636030435562134,0.831204354763031,1.1298766136169434,0.7395163178443909,1.0969672203063965,2.312300125757853,0.378805547952652,0.45294275879859924,0.41473329067230225,0.402062326669693,0.3341127336025238,0.32964345812797546,0.7051732540130615,0.9212717413902283,0.6958394050598145,1.1343631744384766,0.7644616961479187,1.2795780897140503,0.6953615546226501,0.8761370182037354,0.6321573257446289,1.1594616174697876,0.6059922575950623,1.3650881052017212,0.0010000000474974513
