,loss,mae,rmse,class_0_rmse,class_1_rmse,class_2_rmse,class_3_rmse,class_4_rmse,class_5_rmse,val_loss,val_mae,val_rmse,val_class_0_rmse,val_class_1_rmse,val_class_2_rmse,val_class_3_rmse,val_class_4_rmse,val_class_5_rmse
0,1.1730154719352721,0.8037139177322388,1.0683956146240234,0.8129659295082092,0.7946555614471436,1.1073988676071167,1.0369055271148682,0.3544337749481201,1.3334425687789917,0.3799053271268976,0.46941590309143066,0.6036489605903625,0.619994044303894,0.6005279421806335,0.0,0.0,0.0,0.0
1,0.8003208277225494,0.6744205951690674,0.8853734135627747,0.7253198027610779,0.6959660649299622,1.0035380125045776,0.9715088605880737,0.2834759056568146,1.0317692756652832,0.4767691472481037,0.5203168392181396,0.669710099697113,0.6960890293121338,0.6915929317474365,0.0,0.0,0.0,0.0
2,0.6487028110027313,0.612123429775238,0.7970539331436157,0.6551205515861511,0.656424880027771,0.9175946712493896,0.7680628299713135,0.22190479934215546,0.9857869744300842,0.30208944349453365,0.4490930736064911,0.5422829389572144,0.5698928833007812,0.5393001437187195,0.0,0.0,0.0,0.0
3,0.5310784316062928,0.5539590120315552,0.7203542590141296,0.604823887348175,0.6107887625694275,0.8518676161766052,0.756482720375061,0.19113895297050476,0.7297580242156982,0.23698198589785346,0.37163954973220825,0.48241883516311646,0.5086092352867126,0.5008339285850525,0.0,0.0,0.0,0.0
4,0.4518741790056229,0.5174806118011475,0.6650134921073914,0.5557261109352112,0.5767487287521362,0.8144718408584595,0.6688071489334106,0.17763473093509674,0.7035747766494751,0.3292746841907501,0.45828866958618164,0.5655584931373596,0.6026833653450012,0.5972292423248291,0.0,0.0,0.0,0.0
5,0.4165844728946686,0.4921032786369324,0.6385295391082764,0.5270459651947021,0.5485642552375793,0.7552214860916138,0.5762502551078796,0.17679549753665924,0.6440243721008301,0.460896500739558,0.5261223912239075,0.664117157459259,0.6979512572288513,0.7391974329948425,0.0,0.0,0.0,0.0
6,0.39630904138088224,0.4850820004940033,0.6228110194206238,0.5300349593162537,0.5498307943344116,0.7451963424682617,0.6023467183113098,0.16076548397541046,0.6400406956672668,0.360992065791426,0.43769505620002747,0.5861666202545166,0.6115738153457642,0.6226871609687805,0.0,0.0,0.0,0.0
7,0.36402541530132293,0.4600179195404053,0.597126305103302,0.4612663984298706,0.4928945004940033,0.6701866388320923,0.5738770961761475,0.16732147336006165,0.5799184441566467,0.2936594383469943,0.3859415352344513,0.5317308306694031,0.5545234084129333,0.5365987420082092,0.0,0.0,0.0,0.0
8,0.3374793583154678,0.43793755769729614,0.5742344260215759,0.4406026005744934,0.46453890204429626,0.6325190663337708,0.5663206577301025,0.15436504781246185,0.5275493264198303,0.21523930235155697,0.32947149872779846,0.4604002833366394,0.4775846004486084,0.47425153851509094,0.0,0.0,0.0,0.0
9,0.3031364089846611,0.4110536575317383,0.5445308089256287,0.4425630271434784,0.47628235816955566,0.6263861060142517,0.4629395604133606,0.17200587689876556,0.5440117716789246,0.27641660283351766,0.3864785432815552,0.5163007974624634,0.5390567779541016,0.537443995475769,0.0,0.0,0.0,0.0
10,0.28476499605178834,0.39606767892837524,0.527293860912323,0.4265439212322235,0.46663326025009155,0.5879796147346497,0.46725133061408997,0.1344626545906067,0.5170576572418213,0.2976795332185153,0.39532575011253357,0.5386987924575806,0.5612489581108093,0.5741284489631653,0.0,0.0,0.0,0.0
11,0.28419606041908263,0.3948303163051605,0.5262578725814819,0.4484259784221649,0.47945737838745117,0.6076434850692749,0.4770541191101074,0.1354740709066391,0.4972556233406067,0.28263645747612265,0.3688409924507141,0.5223816633224487,0.540301501750946,0.5227120518684387,0.0,0.0,0.0,0.0
12,0.25071756875514983,0.36782583594322205,0.4939027428627014,0.37617117166519165,0.41734224557876587,0.5186008214950562,0.4323855936527252,0.1459180861711502,0.41353946924209595,0.22069465600211044,0.3110169768333435,0.46570369601249695,0.4838540554046631,0.4814719557762146,0.0,0.0,0.0,0.0
13,0.24682641810178757,0.3602924942970276,0.4888593256473541,0.3665570914745331,0.408054381608963,0.5206669569015503,0.4139578938484192,0.12843705713748932,0.5224586129188538,0.22086061177582578,0.31884482502937317,0.4668840169906616,0.48227646946907043,0.49611276388168335,0.0,0.0,0.0,0.0
14,0.22717060059309005,0.3427887558937073,0.4691425859928131,0.3713304102420807,0.4112303853034973,0.5011639595031738,0.41680672764778137,0.14495864510536194,0.4575202465057373,0.32246356020713673,0.4054291844367981,0.558188259601593,0.5803682208061218,0.5941286683082581,0.0,0.0,0.0,0.0
15,0.22821555590629578,0.3470674157142639,0.4704127907752991,0.37003621459007263,0.41493719816207886,0.49844610691070557,0.4324791133403778,0.14214988052845,0.4706670045852661,0.30989017620168885,0.38507264852523804,0.5493460893630981,0.5729588270187378,0.5852610468864441,0.0,0.0,0.0,0.0
16,0.2229331923723221,0.3377874195575714,0.46511727571487427,0.39009782671928406,0.4318486154079437,0.5062807202339172,0.4577883780002594,0.1378249078989029,0.5037230849266052,0.3057795819537393,0.36431261897087097,0.5407350659370422,0.5485531091690063,0.5457988381385803,0.0,0.0,0.0,0.0
17,0.20994919264316558,0.32710903882980347,0.45120131969451904,0.3855588436126709,0.43313995003700256,0.508281946182251,0.48051363229751587,0.13214229047298431,0.4355977773666382,0.23550336371208058,0.2914220094680786,0.4771953225135803,0.49763593077659607,0.48414796590805054,0.0,0.0,0.0,0.0
18,0.19612599664926528,0.31400349736213684,0.43667542934417725,0.3444574773311615,0.38664013147354126,0.4513465464115143,0.4264555275440216,0.12197711318731308,0.4765857756137848,0.23507964508286838,0.30443814396858215,0.4810781478881836,0.5057744383811951,0.5080960988998413,0.0,0.0,0.0,0.0
19,0.1810059778690338,0.30129948258399963,0.4184046685695648,0.34187525510787964,0.40043574571609497,0.47057750821113586,0.3999013304710388,0.11015445739030838,0.3910207748413086,0.31079076384675913,0.4039076864719391,0.5495724678039551,0.5692594647407532,0.5879272222518921,0.0,0.0,0.0,0.0
20,0.18962707781791688,0.3072451055049896,0.4299495816230774,0.3381233811378479,0.37876585125923157,0.4541265368461609,0.4324677586555481,0.1258784383535385,0.42563483119010925,0.27731152032983714,0.33019736409187317,0.5189676880836487,0.5440061092376709,0.5571630597114563,0.0,0.0,0.0,0.0
21,0.1805381518602371,0.2983999252319336,0.4180769920349121,0.3262137174606323,0.37708890438079834,0.43757399916648865,0.40985924005508423,0.1206359714269638,0.45780396461486816,0.27181986436761657,0.31854313611984253,0.5138828158378601,0.530588686466217,0.5305142402648926,0.0,0.0,0.0,0.0
22,0.1699096165895462,0.28535234928131104,0.40681350231170654,0.31749799847602844,0.36638498306274414,0.44177699089050293,0.43592220544815063,0.12107575684785843,0.465244323015213,0.22425286625993662,0.2706540524959564,0.4711441099643707,0.49240294098854065,0.5005618333816528,0.0,0.0,0.0,0.0
23,0.17746538889408112,0.2920224666595459,0.41432979702949524,0.3054581582546234,0.35669636726379395,0.42229723930358887,0.3837113380432129,0.1600046455860138,0.4125691056251526,0.21943435535348696,0.27680811285972595,0.465931236743927,0.49015769362449646,0.47228673100471497,0.0,0.0,0.0,0.0
24,0.154838347196579,0.2722848951816559,0.3858707547187805,0.29953640699386597,0.35888248682022095,0.41371339559555054,0.3406434655189514,0.14487630128860474,0.4309525191783905,0.2741828817745735,0.3112369775772095,0.5149984955787659,0.5467773675918579,0.5396285653114319,0.0,0.0,0.0,0.0
25,0.1648662886619568,0.28157153725624084,0.3988545536994934,0.33298414945602417,0.3718746602535248,0.4413166344165802,0.3629705011844635,0.1413131058216095,0.41192278265953064,0.2711209120421574,0.31383925676345825,0.5147042274475098,0.5383099317550659,0.5310347676277161,0.0,0.0,0.0,0.0
26,0.14588493102788924,0.26445892453193665,0.3763895332813263,0.29915255308151245,0.35039782524108887,0.40242546796798706,0.38667553663253784,0.10743053257465363,0.3784339725971222,0.22811200752340513,0.2821749150753021,0.47467467188835144,0.49941134452819824,0.5010877251625061,0.0,0.0,0.0,0.0
27,0.14593535327911378,0.2590649127960205,0.3737497329711914,0.28018924593925476,0.3414302468299866,0.3879530429840088,0.3504506051540375,0.11030925065279007,0.40563952922821045,0.24319669398768196,0.2849763035774231,0.48848363757133484,0.512116551399231,0.5205926895141602,0.0,0.0,0.0,0.0
28,0.14046079328656197,0.25386500358581543,0.366489052772522,0.27759429812431335,0.3316139280796051,0.38875728845596313,0.3903895318508148,0.10902243107557297,0.4037138819694519,0.24978520901038728,0.3145001232624054,0.49584847688674927,0.5312831997871399,0.5270909070968628,0.0,0.0,0.0,0.0
29,0.1432666203379631,0.2605905830860138,0.37130773067474365,0.2952335476875305,0.35118716955184937,0.4067188501358032,0.39736074209213257,0.09933638572692871,0.3626558780670166,0.2589604042727372,0.30318722128868103,0.5026336312294006,0.5306922197341919,0.5147678852081299,0.0,0.0,0.0,0.0
30,0.13816848319768907,0.2532022297382355,0.36568978428840637,0.2694254219532013,0.3192969262599945,0.3770768344402313,0.3704328238964081,0.09556932002305984,0.38015222549438477,0.2561797612699969,0.29766911268234253,0.5003464818000793,0.5274785161018372,0.511369526386261,0.0,0.0,0.0,0.0
31,0.13580166220664977,0.2504620850086212,0.3611172139644623,0.3056001365184784,0.35444724559783936,0.4046367406845093,0.3743375837802887,0.1256599873304367,0.4435560703277588,0.20248541441457024,0.24859507381916046,0.4480396807193756,0.4654732942581177,0.47000283002853394,0.0,0.0,0.0,0.0
32,0.12172993528842926,0.23412364721298218,0.34234899282455444,0.25395143032073975,0.2996891140937805,0.357042133808136,0.3375186324119568,0.11364739388227463,0.38129186630249023,0.22670640462431416,0.2771994173526764,0.4732228219509125,0.5001686811447144,0.49794918298721313,0.0,0.0,0.0,0.0
33,0.1196959334909916,0.23497115075588226,0.3401852250099182,0.22788077592849731,0.28426554799079895,0.3441261947154999,0.31080248951911926,0.09114927798509598,0.30647483468055725,0.25900269993420305,0.3128887414932251,0.5049733519554138,0.5209716558456421,0.5292671322822571,0.0,0.0,0.0,0.0
34,0.12879243439435958,0.2390810251235962,0.3509860634803772,0.2586241662502289,0.3032650053501129,0.36431264877319336,0.3618457019329071,0.10645652562379837,0.3785785734653473,0.2941751315675933,0.3312332034111023,0.5317171812057495,0.5537737011909485,0.5725787878036499,0.0,0.0,0.0,0.0
35,0.11765925598144532,0.22939594089984894,0.33723559975624084,0.2682614326477051,0.3202969431877136,0.3731677234172821,0.3205830454826355,0.11916080117225647,0.35833460092544556,0.26389750478596524,0.2995579242706299,0.508029580116272,0.5295166969299316,0.5249370336532593,0.0,0.0,0.0,0.0
36,0.1168247841000557,0.23087839782238007,0.3349957764148712,0.256132036447525,0.31115254759788513,0.36604052782058716,0.36840322613716125,0.08512125164270401,0.3278043568134308,0.21451180094274983,0.2504161298274994,0.46113210916519165,0.479144811630249,0.48074647784233093,0.0,0.0,0.0,0.0
37,0.10647379675507546,0.2191663533449173,0.31985363364219666,0.23994213342666626,0.2843717336654663,0.33189359307289124,0.3249579966068268,0.09303057193756104,0.34678247570991516,0.20878109952499127,0.24437254667282104,0.45377039909362793,0.48326554894447327,0.46954968571662903,0.0,0.0,0.0,0.0
38,0.1057412969470024,0.21631109714508057,0.319058895111084,0.23533044755458832,0.282890647649765,0.33241018652915955,0.31886062026023865,0.1076587438583374,0.37297964096069336,0.2614452366171212,0.3081771731376648,0.5062253475189209,0.5380266904830933,0.5412177443504333,0.0,0.0,0.0,0.0
39,0.1026087380349636,0.21522356569766998,0.31385675072669983,0.2659815847873688,0.3117767572402954,0.3740549683570862,0.3611967861652374,0.07680186629295349,0.3373202383518219,0.23287843373315087,0.2605566084384918,0.4778619706630707,0.5084834098815918,0.49103569984436035,0.0,0.0,0.0,0.0
40,0.10424516940116882,0.21392908692359924,0.3150520324707031,0.2566612958908081,0.3068627119064331,0.3492254316806793,0.3298717737197876,0.1029747799038887,0.40597963333129883,0.21922724668321938,0.2549619674682617,0.4657374322414398,0.4884420335292816,0.47745391726493835,0.0,0.0,0.0,0.0
41,0.10341832745075226,0.21472692489624023,0.3168290853500366,0.22929951548576355,0.28058844804763794,0.34101635217666626,0.307166188955307,0.08239074051380157,0.41024237871170044,0.23088150959590387,0.27293774485588074,0.4781387150287628,0.5030649304389954,0.498373806476593,0.0,0.0,0.0,0.0
42,0.1019123865365982,0.21160118281841278,0.31157660484313965,0.2604992389678955,0.298019140958786,0.35683274269104004,0.3210941553115845,0.09685392677783966,0.3596496880054474,0.19709908705333185,0.2327231466770172,0.4415011703968048,0.47403013706207275,0.44057074189186096,0.0,0.0,0.0,0.0
43,0.10348236358165741,0.2123624086380005,0.3155931234359741,0.23749490082263947,0.2836360037326813,0.33558815717697144,0.3397587239742279,0.13230520486831665,0.3666408658027649,0.309537041290053,0.3487808108329773,0.5480684638023376,0.5722342133522034,0.5949018597602844,0.0,0.0,0.0,0.0
44,0.09820042091608047,0.20885474979877472,0.3072502613067627,0.23049238324165344,0.27770665287971497,0.3249621093273163,0.2867527902126312,0.11019862443208694,0.3595825433731079,0.26614466463697367,0.30473920702934265,0.5072424411773682,0.5310932397842407,0.5441774129867554,0.0,0.0,0.0,0.0
45,0.1001704997420311,0.2084645926952362,0.30808568000793457,0.20894576609134674,0.25719454884529114,0.3183692991733551,0.2974468469619751,0.09702415764331818,0.3578641712665558,0.24053646367171716,0.2595895826816559,0.4844706356525421,0.5146065354347229,0.5102754831314087,0.0,0.0,0.0,0.0
46,0.09733099710941315,0.20441007614135742,0.30361658334732056,0.22715884447097778,0.266994833946228,0.3331107497215271,0.30601561069488525,0.1079891100525856,0.33649393916130066,0.20343853944334492,0.22798006236553192,0.4487471878528595,0.4764201045036316,0.4772224426269531,0.0,0.0,0.0,0.0
47,0.08863737864792347,0.1940445601940155,0.29110094904899597,0.19964317977428436,0.24218162894248962,0.30541542172431946,0.28910741209983826,0.10225766152143478,0.34818315505981445,0.23162265738536572,0.2597123980522156,0.47654014825820923,0.5060198903083801,0.517958402633667,0.0,0.0,0.0,0.0
48,0.08511127603054047,0.1914931684732437,0.2849650979042053,0.19356432557106018,0.23913982510566711,0.2944158911705017,0.24149489402770996,0.08442102372646332,0.34926262497901917,0.2699465612913,0.2864045202732086,0.5088629722595215,0.5491174459457397,0.5478296875953674,0.0,0.0,0.0,0.0
49,0.10095995280146598,0.2088625431060791,0.3094097971916199,0.2180323302745819,0.26414868235588074,0.3310368061065674,0.2863384187221527,0.08007664233446121,0.33490216732025146,0.2386633923341488,0.26848304271698,0.4836420714855194,0.517123281955719,0.506571352481842,0.0,0.0,0.0,0.0
50,0.08773944145441055,0.19438329339027405,0.2912892997264862,0.20167703926563263,0.24215207993984222,0.3127177953720093,0.3182276785373688,0.09683828800916672,0.35031598806381226,0.2210636822314098,0.26030758023262024,0.46794453263282776,0.4939214885234833,0.4959321618080139,0.0,0.0,0.0,0.0
51,0.08825026014447213,0.19378258287906647,0.29075464606285095,0.20319418609142303,0.24783669412136078,0.3131118714809418,0.30329421162605286,0.06820649653673172,0.3698694705963135,0.2427582411930479,0.25620418787002563,0.4859565496444702,0.5158604383468628,0.4986715614795685,0.0,0.0,0.0,0.0
52,0.0862232007086277,0.1916414350271225,0.2861267328262329,0.1819489598274231,0.23496218025684357,0.30635523796081543,0.29228925704956055,0.09905577450990677,0.3074304163455963,0.26172275224636343,0.2864399552345276,0.5049170851707458,0.5339166522026062,0.538249135017395,0.0,0.0,0.0,0.0
53,0.08140640977025032,0.18778352439403534,0.27878397703170776,0.19475790858268738,0.23477818071842194,0.287205308675766,0.28926944732666016,0.08892890810966492,0.28320667147636414,0.2685318897510397,0.26924458146095276,0.5083916187286377,0.5405011773109436,0.5363196134567261,0.0,0.0,0.0,0.0
54,0.08978677499294281,0.19528944790363312,0.29316312074661255,0.2286929190158844,0.2698044776916504,0.33994153141975403,0.29916083812713623,0.07981964200735092,0.3301566541194916,0.21026050376481023,0.23887033760547638,0.45604583621025085,0.4749092161655426,0.4724424481391907,0.0,0.0,0.0,0.0
55,0.08412116369605065,0.18539699912071228,0.2808428108692169,0.20002900063991547,0.24178734421730042,0.30869585275650024,0.28995904326438904,0.08078891038894653,0.34941601753234863,0.21539540126405912,0.24473509192466736,0.4614451825618744,0.48443278670310974,0.47732001543045044,0.0,0.0,0.0,0.0
56,0.08432041609287262,0.18748712539672852,0.28056684136390686,0.1859053075313568,0.22775830328464508,0.29373687505722046,0.2875828444957733,0.071036197245121,0.34133976697921753,0.22620790682989975,0.250539094209671,0.47215354442596436,0.49659624695777893,0.4934406876564026,0.0,0.0,0.0,0.0
57,0.07349937927722931,0.17770422995090485,0.26573050022125244,0.19753055274486542,0.22676712274551392,0.28634852170944214,0.28471460938453674,0.0910678282380104,0.29428720474243164,0.2652308524682604,0.2877805531024933,0.5062878131866455,0.5356783866882324,0.5131092667579651,0.0,0.0,0.0,0.0
58,0.0802569968700409,0.18259811401367188,0.2759053409099579,0.1871054768562317,0.22490142285823822,0.2908237874507904,0.29070568084716797,0.059786755591630936,0.326543927192688,0.21854178453313894,0.24453726410865784,0.4640260636806488,0.4861319661140442,0.48355209827423096,0.0,0.0,0.0,0.0
59,0.07241821223497391,0.17635609209537506,0.2626424729824066,0.19673612713813782,0.2247244268655777,0.2942933142185211,0.2685963809490204,0.04958994314074516,0.2976171672344208,0.220284601737713,0.23157291114330292,0.4635086953639984,0.4957997500896454,0.4988439381122589,0.0,0.0,0.0,0.0
60,0.07283489884436131,0.1739927977323532,0.26252296566963196,0.18320244550704956,0.21095415949821472,0.2699972987174988,0.2504747807979584,0.07066333293914795,0.32329481840133667,0.20584461349865485,0.22156435251235962,0.4508017301559448,0.48018938302993774,0.45988237857818604,0.0,0.0,0.0,0.0
61,0.07843455818295479,0.1815333068370819,0.27235254645347595,0.18416541814804077,0.22292831540107727,0.29669317603111267,0.29841187596321106,0.07901857793331146,0.35206806659698486,0.21434794674659596,0.236346036195755,0.46011900901794434,0.4820612668991089,0.46363937854766846,0.0,0.0,0.0,0.0
62,0.07398305404186249,0.17453669011592865,0.26394015550613403,0.2045142650604248,0.23852160573005676,0.2970067858695984,0.2820635735988617,0.09792149811983109,0.3250603675842285,0.2551218903270261,0.27666014432907104,0.4993913769721985,0.5309553742408752,0.5064643621444702,0.0,0.0,0.0,0.0
63,0.07837255853414536,0.18018905818462372,0.272620290517807,0.19707880914211273,0.22462834417819977,0.2970143258571625,0.302298903465271,0.11447586119174957,0.32767996191978455,0.25594107087316187,0.28751933574676514,0.501284122467041,0.5277760028839111,0.5371707677841187,0.0,0.0,0.0,0.0
64,0.06882740961015224,0.17148557305335999,0.2565658390522003,0.17279045283794403,0.20505276322364807,0.27557095885276794,0.27117860317230225,0.0996941551566124,0.300127774477005,0.22115766179972682,0.24315494298934937,0.4643077850341797,0.4848184883594513,0.49250921607017517,0.0,0.0,0.0,0.0
65,0.07630622696876525,0.1755228340625763,0.26899203658103943,0.19277597963809967,0.2188999503850937,0.27419397234916687,0.28601041436195374,0.11268673092126846,0.33367520570755005,0.22190680791591777,0.23052136600017548,0.46492594480514526,0.4933542311191559,0.481659859418869,0.0,0.0,0.0,0.0
66,0.07180564355850219,0.1742018312215805,0.2602944076061249,0.1769295334815979,0.20948097109794617,0.27756157517433167,0.27914804220199585,0.07563896477222443,0.30688443779945374,0.22080380443868966,0.2628159821033478,0.4664982557296753,0.4893283247947693,0.48318949341773987,0.0,0.0,0.0,0.0
67,0.06763449929654598,0.1693030744791031,0.25354185700416565,0.1701943278312683,0.20092682540416718,0.26987868547439575,0.2708388566970825,0.07788505405187607,0.32667458057403564,0.273476129461979,0.28402337431907654,0.5154995918273926,0.5417887568473816,0.5602248907089233,0.0,0.0,0.0,0.0
68,0.0699199485629797,0.168535515666008,0.2577980160713196,0.17267648875713348,0.1992943435907364,0.27161285281181335,0.2622540295124054,0.05678074434399605,0.3044374883174896,0.26951230188895914,0.2833576500415802,0.5106757283210754,0.5345770120620728,0.5270565152168274,0.0,0.0,0.0,0.0
69,0.06756947244703769,0.16811791062355042,0.25350549817085266,0.17625896632671356,0.21174295246601105,0.2751341462135315,0.25794315338134766,0.07882076501846313,0.33001142740249634,0.20416084086072855,0.21921998262405396,0.4493544101715088,0.4669930040836334,0.47133949398994446,0.0,0.0,0.0,0.0
70,0.07301879294216633,0.17081885039806366,0.2625712454319,0.188636913895607,0.22003169357776642,0.2919030785560608,0.30935797095298767,0.0916421115398407,0.35111334919929504,0.23296847579808072,0.24879804253578186,0.47680580615997314,0.5068191289901733,0.5185824036598206,0.0,0.0,0.0,0.0
71,0.06658478116989136,0.1645537167787552,0.2491685152053833,0.1727774441242218,0.19873104989528656,0.2707696557044983,0.27063384652137756,0.09345506876707077,0.30964821577072144,0.26515186449577066,0.3098534643650055,0.5108334422111511,0.5293518304824829,0.5495054721832275,0.0,0.0,0.0,0.0
72,0.06172484025359154,0.16134268045425415,0.24200674891471863,0.1658751219511032,0.18563200533390045,0.24104882776737213,0.25964173674583435,0.058878831565380096,0.28688034415245056,0.21968363276843367,0.24041391909122467,0.46496233344078064,0.49155479669570923,0.48139292001724243,0.0,0.0,0.0,0.0
73,0.0672474227398634,0.1656786948442459,0.25260889530181885,0.18593688309192657,0.21298666298389435,0.27384433150291443,0.27273663878440857,0.07734572887420654,0.33056607842445374,0.21655900005636544,0.23048382997512817,0.4608325660228729,0.4900328814983368,0.4705745577812195,0.0,0.0,0.0,0.0
74,0.06251419074833393,0.1604432314634323,0.24257463216781616,0.1749102771282196,0.2003670334815979,0.2580724060535431,0.2674231231212616,0.09363732486963272,0.29248425364494324,0.2194614934510198,0.23866496980190277,0.46395960450172424,0.49879923462867737,0.4762459397315979,0.0,0.0,0.0,0.0
75,0.06107711538672447,0.159300297498703,0.24121937155723572,0.16063322126865387,0.17982889711856842,0.2611987590789795,0.24270834028720856,0.07776860147714615,0.28533288836479187,0.21516768788469248,0.23878097534179688,0.45892012119293213,0.4854101240634918,0.4713112711906433,0.0,0.0,0.0,0.0
76,0.06174931176006794,0.16018137335777283,0.2421988993883133,0.15724194049835205,0.18883757293224335,0.25045228004455566,0.28700876235961914,0.08829108625650406,0.28292644023895264,0.26808052330181514,0.29193440079689026,0.5114330649375916,0.5303958654403687,0.537912130355835,0.0,0.0,0.0,0.0
77,0.05685281355679035,0.15462751686573029,0.23292744159698486,0.168187215924263,0.18949605524539948,0.2484932839870453,0.25027382373809814,0.06884032487869263,0.3139269948005676,0.26399121048121615,0.27098894119262695,0.5060703158378601,0.5327197909355164,0.5252881646156311,0.0,0.0,0.0,0.0
78,0.06029909080266953,0.15594948828220367,0.23906151950359344,0.16896891593933105,0.18839465081691742,0.24844761192798615,0.2790881395339966,0.05887799710035324,0.2688773572444916,0.22494454681873322,0.2443421632051468,0.4703194797039032,0.4974273145198822,0.4697732627391815,0.0,0.0,0.0,0.0
79,0.060681491181254384,0.15855494141578674,0.23981636762619019,0.1838347464799881,0.20710094273090363,0.26768746972084045,0.2649683654308319,0.08079547435045242,0.2938770651817322,0.21249400747233424,0.2224586457014084,0.45659229159355164,0.48081299662590027,0.47700226306915283,0.0,0.0,0.0,0.0
80,0.05969186849892139,0.15364184975624084,0.2363777458667755,0.16186541318893433,0.188482865691185,0.25312337279319763,0.2609116733074188,0.08871304243803024,0.31519070267677307,0.21758575275026518,0.2506905198097229,0.4637499749660492,0.49070996046066284,0.4750089645385742,0.0,0.0,0.0,0.0
81,0.05253096674382687,0.14769338071346283,0.22370390594005585,0.15438957512378693,0.17677301168441772,0.23538754880428314,0.23842813074588776,0.08534925431013107,0.28348538279533386,0.2364992668916439,0.25316545367240906,0.4816037118434906,0.5100322365760803,0.4876231551170349,0.0,0.0,0.0,0.0
82,0.06054233853518963,0.15554925799369812,0.2395695000886917,0.19225187599658966,0.20985908806324005,0.28354939818382263,0.2779327630996704,0.09771797806024551,0.3133593499660492,0.22642999681933174,0.24544690549373627,0.471675843000412,0.5021571516990662,0.48927539587020874,0.0,0.0,0.0,0.0
83,0.05941029325127602,0.15532658994197845,0.237360417842865,0.16201309859752655,0.17881925404071808,0.24709802865982056,0.25741469860076904,0.08554990589618683,0.3177981972694397,0.2032370783131698,0.2234104871749878,0.44898247718811035,0.46354758739471436,0.44812875986099243,0.0,0.0,0.0,0.0
84,0.05574002259969711,0.14963003993034363,0.22707895934581757,0.17437908053398132,0.1906680017709732,0.25308093428611755,0.2537485659122467,0.06561890244483948,0.27658945322036743,0.1986540674135603,0.21605177223682404,0.443771630525589,0.4616631865501404,0.4420597553253174,0.0,0.0,0.0,0.0
85,0.05184597614407539,0.14698360860347748,0.22184909880161285,0.1586926132440567,0.17347852885723114,0.23692697286605835,0.24967613816261292,0.08209184557199478,0.2618589401245117,0.25964086579865425,0.29431629180908203,0.5043238401412964,0.5374462604522705,0.503815770149231,0.0,0.0,0.0,0.0
86,0.05320406816899777,0.1484420895576477,0.22528088092803955,0.16597811877727509,0.1794365793466568,0.2378992736339569,0.23242831230163574,0.07425697147846222,0.29178473353385925,0.23147477312334652,0.24319912493228912,0.4745389223098755,0.5033280849456787,0.5077245235443115,0.0,0.0,0.0,0.0
87,0.05362690550833941,0.14776907861232758,0.2250022292137146,0.14429926872253418,0.1626214236021042,0.2283688485622406,0.23588921129703522,0.0720917135477066,0.30150991678237915,0.22993112638078886,0.254232257604599,0.47600069642066956,0.5048313736915588,0.4882942736148834,0.0,0.0,0.0,0.0
88,0.052352720260620114,0.1464744210243225,0.22225317358970642,0.16154997050762177,0.17758242785930634,0.2427375465631485,0.24638353288173676,0.07741694152355194,0.2680160105228424,0.20606780206335001,0.2329876869916916,0.4493863880634308,0.47946205735206604,0.4659841060638428,0.0,0.0,0.0,0.0
89,0.05955222836136818,0.1537836790084839,0.23562589287757874,0.16277435421943665,0.17676350474357605,0.24263201653957367,0.2527390122413635,0.09884252399206161,0.2741379737854004,0.21253567831269626,0.2248792201280594,0.45795518159866333,0.47831347584724426,0.48672884702682495,0.0,0.0,0.0,0.0
90,0.05520010580122471,0.1491628885269165,0.22903352975845337,0.1622259020805359,0.17847217619419098,0.24313078820705414,0.2709299325942993,0.06965163350105286,0.2897716760635376,0.24399250540240058,0.2809875011444092,0.4886888265609741,0.5181252956390381,0.4891666769981384,0.0,0.0,0.0,0.0
91,0.056514625459909436,0.15174685418605804,0.2315577119588852,0.1737310141324997,0.18972672522068024,0.2599986493587494,0.28099215030670166,0.10154565423727036,0.2941066026687622,0.19948984117343507,0.21572335064411163,0.44466444849967957,0.4456821382045746,0.43654197454452515,0.0,0.0,0.0,0.0
92,0.05022525744140148,0.1431124210357666,0.21697069704532623,0.18046915531158447,0.19801582396030426,0.2536456286907196,0.25847557187080383,0.0728624016046524,0.2993724048137665,0.2041747148694663,0.21950256824493408,0.449616938829422,0.4641790986061096,0.47245460748672485,0.0,0.0,0.0,0.0
93,0.04954124201834202,0.14160554111003876,0.21586717665195465,0.17292049527168274,0.1823505461215973,0.2342538684606552,0.25566187500953674,0.07314398139715195,0.28750699758529663,0.20873202897351364,0.22150829434394836,0.45272597670555115,0.48325908184051514,0.47449666261672974,0.0,0.0,0.0,0.0
94,0.04881639841198921,0.1417911797761917,0.2141074240207672,0.15990999341011047,0.16836996376514435,0.23120883107185364,0.238937646150589,0.07235439121723175,0.2652554512023926,0.2171012019288951,0.23985779285430908,0.4621529281139374,0.47280508279800415,0.4852502942085266,0.0,0.0,0.0,0.0
95,0.05111463250219822,0.14190267026424408,0.21829555928707123,0.1621175855398178,0.17747025191783905,0.2445797473192215,0.24535512924194336,0.08673837035894394,0.30669763684272766,0.22004756691126987,0.2599382996559143,0.46471545100212097,0.49632030725479126,0.4883747100830078,0.0,0.0,0.0,0.0
96,0.05212585958093405,0.14561191201210022,0.221140056848526,0.16850844025611877,0.17479108273983002,0.23883014917373657,0.2422221153974533,0.058200903236866,0.27004164457321167,0.21171848578699703,0.24075524508953094,0.45587557554244995,0.4830474555492401,0.4770081043243408,0.0,0.0,0.0,0.0
97,0.05848245739936828,0.15000081062316895,0.23374304175376892,0.19690361618995667,0.20384179055690765,0.2777975797653198,0.2834722399711609,0.11204803735017776,0.32087796926498413,0.20448663727990513,0.2156759649515152,0.4494929909706116,0.4749777019023895,0.445088654756546,0.0,0.0,0.0,0.0
98,0.0509670415520668,0.14457616209983826,0.2189619094133377,0.14425501227378845,0.15583838522434235,0.22060507535934448,0.22916895151138306,0.07379400730133057,0.2676248848438263,0.1966094441454986,0.21463318169116974,0.4419444799423218,0.46586349606513977,0.44048377871513367,0.0,0.0,0.0,0.0
99,0.046542720407247544,0.13920658826828003,0.21033744513988495,0.16861827671527863,0.17693814635276794,0.23903073370456696,0.2300606518983841,0.0699976235628128,0.25501370429992676,0.2220854995579555,0.24730828404426575,0.4688676595687866,0.49148058891296387,0.49991172552108765,0.0,0.0,0.0,0.0
100,0.04880178438127041,0.1409963220357895,0.21368446946144104,0.16336503624916077,0.1792711466550827,0.23465034365653992,0.24466265738010406,0.05373731628060341,0.2786988615989685,0.22250478945929428,0.24145668745040894,0.46697840094566345,0.49705496430397034,0.49490728974342346,0.0,0.0,0.0,0.0
101,0.05068972682952881,0.14321234822273254,0.21828342974185944,0.16057419776916504,0.16927707195281982,0.23027200996875763,0.2481016367673874,0.05673178285360336,0.2782840430736542,0.22024519279085356,0.22684654593467712,0.46564343571662903,0.4952859580516815,0.4749796986579895,0.0,0.0,0.0,0.0
102,0.04529202601313591,0.13474620878696442,0.2063579559326172,0.13688716292381287,0.14564116299152374,0.20777982473373413,0.23764854669570923,0.06561866402626038,0.25484901666641235,0.19327506011930004,0.2275458425283432,0.4370741546154022,0.4438539445400238,0.4632704555988312,0.0,0.0,0.0,0.0
103,0.05197411569952965,0.14130756258964539,0.22037874162197113,0.16438621282577515,0.1735648363828659,0.2417176216840744,0.2541772723197937,0.09045974165201187,0.2797297239303589,0.21092897653579712,0.23957659304141998,0.45609116554260254,0.4826664328575134,0.489268958568573,0.0,0.0,0.0,0.0
104,0.05052681563794613,0.13962377607822418,0.21676059067249298,0.1473538875579834,0.15635408461093903,0.22551868855953217,0.24344795942306519,0.08658363670110703,0.30861371755599976,0.2513958893973252,0.26563316583633423,0.4945242702960968,0.5304781794548035,0.5239993929862976,0.0,0.0,0.0,0.0
105,0.048262560099363326,0.13680975139141083,0.21073229610919952,0.14174041152000427,0.14722003042697906,0.21577562391757965,0.21564556658267975,0.06749554723501205,0.27417370676994324,0.23037849315281572,0.2561677098274231,0.4743247628211975,0.5012078285217285,0.477858304977417,0.0,0.0,0.0,0.0
106,0.04689706392586231,0.13853909075260162,0.2108849287033081,0.17134255170822144,0.1782601922750473,0.24249973893165588,0.2258748859167099,0.08317256718873978,0.267331600189209,0.21414824035660973,0.22728519141674042,0.45988184213638306,0.485690712928772,0.46732205152511597,0.0,0.0,0.0,0.0
107,0.047276734709739685,0.13683080673217773,0.20982517302036285,0.14984655380249023,0.16057030856609344,0.22477631270885468,0.24719160795211792,0.06416461616754532,0.2959473729133606,0.23078938753440462,0.23903262615203857,0.4759517014026642,0.5106697678565979,0.4638209044933319,0.0,0.0,0.0,0.0
108,0.048324506863951684,0.13595987856388092,0.2127460539340973,0.15961110591888428,0.16881251335144043,0.2353876382112503,0.2613949477672577,0.055349305272102356,0.2940254807472229,0.20176566880324792,0.21408502757549286,0.44729501008987427,0.46066027879714966,0.4458499550819397,0.0,0.0,0.0,0.0
109,0.04739853110909462,0.13506832718849182,0.21079641580581665,0.1411040723323822,0.14208897948265076,0.21755756437778473,0.21506951749324799,0.0807938352227211,0.3106350004673004,0.22929083838545042,0.24038231372833252,0.47450464963912964,0.5046573281288147,0.4631771445274353,0.0,0.0,0.0,0.0
110,0.049353133656084534,0.13703058660030365,0.2141316682100296,0.15024171769618988,0.15803588926792145,0.2220255732536316,0.22372430562973022,0.09149906784296036,0.29329508543014526,0.22606328078385057,0.24292193353176117,0.47144150733947754,0.48154768347740173,0.4628337323665619,0.0,0.0,0.0,0.0
111,0.04529086486250162,0.13565097749233246,0.20741111040115356,0.15746140480041504,0.16854053735733032,0.23018889129161835,0.2553573250770569,0.06588062644004822,0.25853392481803894,0.22645236962828144,0.27087563276290894,0.4687524139881134,0.5058079957962036,0.5063448548316956,0.0,0.0,0.0,0.0
112,0.04364286955446005,0.13237933814525604,0.20196998119354248,0.14708486199378967,0.15317516028881073,0.22202445566654205,0.23222078382968903,0.056502051651477814,0.24716143310070038,0.21781586624425034,0.2233216017484665,0.4624607563018799,0.4909375309944153,0.49343356490135193,0.0,0.0,0.0,0.0
113,0.04267404621094465,0.12968038022518158,0.20024724304676056,0.15029604732990265,0.14947937428951263,0.2104077786207199,0.23574453592300415,0.06693068891763687,0.23185016214847565,0.22096790219175405,0.24257822334766388,0.46621325612068176,0.49122586846351624,0.4710101783275604,0.0,0.0,0.0,0.0
114,0.04001657328009606,0.1279708296060562,0.19494272768497467,0.15140065550804138,0.15483038127422333,0.2167491465806961,0.23363088071346283,0.06437983363866806,0.22539480030536652,0.27367585075312645,0.29195472598075867,0.5153003334999084,0.5520974397659302,0.5423797369003296,0.0,0.0,0.0,0.0
115,0.040179670102894305,0.12743407487869263,0.19484606385231018,0.15202997624874115,0.1527354121208191,0.21845246851444244,0.23267985880374908,0.06297790259122849,0.26254087686538696,0.23258682109158615,0.24064815044403076,0.47798803448677063,0.5045034885406494,0.49959394335746765,0.0,0.0,0.0,0.0
116,0.04095982327312231,0.12777209281921387,0.19572509825229645,0.14427925646305084,0.148594468832016,0.2227802276611328,0.21036846935749054,0.0701499655842781,0.27918514609336853,0.25243786953646563,0.2771138846874237,0.4982912540435791,0.527714192867279,0.5035162568092346,0.0,0.0,0.0,0.0
117,0.04282927181571722,0.12766706943511963,0.19967089593410492,0.1259763091802597,0.12414898723363876,0.2003757357597351,0.23281849920749664,0.061024025082588196,0.28675535321235657,0.2501215682975177,0.29268744587898254,0.4967908263206482,0.525413453578949,0.5112515091896057,0.0,0.0,0.0,0.0
118,0.043084335900843145,0.13030776381492615,0.19975340366363525,0.166835218667984,0.17258985340595245,0.236726775765419,0.23883935809135437,0.10213211923837662,0.2708575427532196,0.25443691529076673,0.25731199979782104,0.4987731873989105,0.5240342617034912,0.5177567005157471,0.0,0.0,0.0,0.0
119,0.04529941914975643,0.13303188979625702,0.20700520277023315,0.15543873608112335,0.15867872536182404,0.22578951716423035,0.240553081035614,0.08506820350885391,0.2806943953037262,0.21211047984402756,0.228762686252594,0.4579121172428131,0.4912010431289673,0.4571205973625183,0.0,0.0,0.0,0.0
120,0.041943981274962426,0.12956926226615906,0.198703795671463,0.14658769965171814,0.1478896141052246,0.20143720507621765,0.20679722726345062,0.0635342225432396,0.2572968006134033,0.23310312577362718,0.2338021695613861,0.47614753246307373,0.5098955035209656,0.5081992745399475,0.0,0.0,0.0,0.0
121,0.046527938701212405,0.13437777757644653,0.20822477340698242,0.1431906372308731,0.1412261575460434,0.21123427152633667,0.23109012842178345,0.07075177133083344,0.25695306062698364,0.21348640271301927,0.22757212817668915,0.4589594006538391,0.49125903844833374,0.48504331707954407,0.0,0.0,0.0,0.0
122,0.039010107584297654,0.1256496012210846,0.19152390956878662,0.15894560515880585,0.1595362275838852,0.21349382400512695,0.23221321403980255,0.06078467518091202,0.25947991013526917,0.22071268897632074,0.2269763946533203,0.4643227159976959,0.4998847246170044,0.46320268511772156,0.0,0.0,0.0,0.0
123,0.046306501522660255,0.1341448873281479,0.20679894089698792,0.14211627840995789,0.14748293161392212,0.21617232263088226,0.24228239059448242,0.07004683464765549,0.29104384779930115,0.263423435133079,0.2731066048145294,0.5080468654632568,0.5368890166282654,0.5624522566795349,0.0,0.0,0.0,0.0
124,0.050107751049101354,0.13778798282146454,0.21544049680233002,0.15976718068122864,0.15857566893100739,0.23066602647304535,0.2893872559070587,0.08426377177238464,0.2938602864742279,0.2591457649551589,0.2875405550003052,0.5045663118362427,0.5311362743377686,0.5409938097000122,0.0,0.0,0.0,0.0
125,0.04237869685143232,0.12691064178943634,0.19893158972263336,0.1305534839630127,0.13852517306804657,0.1992020457983017,0.2509213089942932,0.09475304186344147,0.2531055212020874,0.22005645211400657,0.24062219262123108,0.46582189202308655,0.504001259803772,0.4771605134010315,0.0,0.0,0.0,0.0
126,0.04579226814955473,0.1306002289056778,0.20552656054496765,0.15379241108894348,0.1550922840833664,0.2262210249900818,0.24668538570404053,0.10194595158100128,0.2848966717720032,0.18234699707606744,0.2031804770231247,0.42588770389556885,0.43688565492630005,0.4475710988044739,0.0,0.0,0.0,0.0
127,0.039228695757687095,0.123862124979496,0.19214536249637604,0.1450899839401245,0.14718881249427795,0.20733512938022614,0.2305125594139099,0.07645083218812943,0.24649609625339508,0.23746175961247806,0.25738176703453064,0.48045381903648376,0.519805908203125,0.5163942575454712,0.0,0.0,0.0,0.0
128,0.041235321447253226,0.12793989479541779,0.19684891402721405,0.1518896073102951,0.1533874124288559,0.2092314064502716,0.23728226125240326,0.07606591284275055,0.24082690477371216,0.21819058163412686,0.2240922898054123,0.46228349208831787,0.49032506346702576,0.4799497127532959,0.0,0.0,0.0,0.0
129,0.03829749686270952,0.12467583268880844,0.1908126175403595,0.14665177464485168,0.14595168828964233,0.20267151296138763,0.20408973097801208,0.0747886523604393,0.25072482228279114,0.21175850568146543,0.2282567173242569,0.4558553695678711,0.48162293434143066,0.4794633090496063,0.0,0.0,0.0,0.0
130,0.038940025553107264,0.12306772172451019,0.19044114649295807,0.14434707164764404,0.14577971398830414,0.20502358675003052,0.22386808693408966,0.09367552399635315,0.2856561243534088,0.18379463358172055,0.19740191102027893,0.42746299505233765,0.4451996982097626,0.4280690550804138,0.0,0.0,0.0,0.0
131,0.03783718654513359,0.12387686222791672,0.18749746680259705,0.1387472003698349,0.13877220451831818,0.20310328900814056,0.2191668450832367,0.07733456790447235,0.20108729600906372,0.19857967156788398,0.24535460770130157,0.442505419254303,0.4570472538471222,0.44328340888023376,0.0,0.0,0.0,0.0
132,0.03854986158758402,0.12437081336975098,0.18951024115085602,0.14223389327526093,0.13763007521629333,0.20520079135894775,0.21352054178714752,0.07167041301727295,0.2327546626329422,0.2645105817194643,0.27327898144721985,0.5090922117233276,0.5343025326728821,0.536111056804657,0.0,0.0,0.0,0.0
133,0.03899288840591907,0.12414464354515076,0.1906047761440277,0.14701953530311584,0.14116507768630981,0.19803883135318756,0.22028087079524994,0.0734097957611084,0.23852618038654327,0.21129543565470596,0.21867409348487854,0.4556620717048645,0.49473658204078674,0.46630236506462097,0.0,0.0,0.0,0.0
134,0.040969176024198535,0.12699109315872192,0.19608451426029205,0.14182232320308685,0.142913356423378,0.20388098061084747,0.22844871878623962,0.053667522966861725,0.2712518572807312,0.2284674865418467,0.2590055763721466,0.47274142503738403,0.5013648271560669,0.5072680711746216,0.0,0.0,0.0,0.0
135,0.035886176109313966,0.12049875408411026,0.184166818857193,0.12264169007539749,0.12541784346103668,0.18128067255020142,0.22125262022018433,0.06451380997896194,0.23900270462036133,0.2118967154930378,0.21750476956367493,0.4576820731163025,0.49086377024650574,0.4523698687553406,0.0,0.0,0.0,0.0
136,0.03842516151070595,0.12291988730430603,0.1892661154270172,0.14329083263874054,0.13774338364601135,0.19375669956207275,0.22668194770812988,0.06890155375003815,0.23569585382938385,0.21770234046311215,0.26638802886009216,0.46132561564445496,0.4758000671863556,0.4498908817768097,0.0,0.0,0.0,0.0
137,0.04077899800240994,0.1265830099582672,0.1957005262374878,0.13822585344314575,0.13644666969776154,0.19759994745254517,0.21704402565956116,0.07763708382844925,0.2715999186038971,0.24304886110897722,0.26568475365638733,0.4899946451187134,0.5056684017181396,0.5017345547676086,0.0,0.0,0.0,0.0
138,0.03934216769039631,0.12456314265727997,0.19074425101280212,0.13458286225795746,0.12874451279640198,0.19778412580490112,0.18134336173534393,0.0716957226395607,0.2552228569984436,0.2285578944559755,0.23697307705879211,0.47343796491622925,0.5110480785369873,0.48375657200813293,0.0,0.0,0.0,0.0
139,0.03845018792152405,0.12336604297161102,0.18891750276088715,0.14114071428775787,0.13887906074523926,0.2093076854944229,0.22809991240501404,0.047391150146722794,0.270693302154541,0.20042904800382152,0.2151605784893036,0.4435200095176697,0.4793742299079895,0.46264874935150146,0.0,0.0,0.0,0.0
140,0.04058382926136255,0.12629710137844086,0.19489890336990356,0.13336536288261414,0.13397075235843658,0.19848166406154633,0.2065599262714386,0.07281395047903061,0.28018903732299805,0.20837408304214478,0.22483493387699127,0.45413610339164734,0.476191908121109,0.48392200469970703,0.0,0.0,0.0,0.0
141,0.03494393265992403,0.11861372739076614,0.1811976134777069,0.13921667635440826,0.13431012630462646,0.20052383840084076,0.19549140334129333,0.06437575072050095,0.24978233873844147,0.2462583626138753,0.27029597759246826,0.4915310740470886,0.5147445201873779,0.5451530814170837,0.0,0.0,0.0,0.0
142,0.03442159347981215,0.11839932948350906,0.18098898231983185,0.1350654661655426,0.12807080149650574,0.18802163004875183,0.18790172040462494,0.07028447091579437,0.21863923966884613,0.2604716584600251,0.26220327615737915,0.503683865070343,0.5354334712028503,0.5251333713531494,0.0,0.0,0.0,0.0
143,0.036322127617895605,0.11976239830255508,0.1833108365535736,0.11792277544736862,0.11761530488729477,0.18475551903247833,0.1994776427745819,0.049252502620220184,0.2267993539571762,0.22926208582417718,0.2227071076631546,0.4734225571155548,0.4855349361896515,0.4770002067089081,0.0,0.0,0.0,0.0
144,0.03844287433475256,0.12120867520570755,0.18731269240379333,0.1253517121076584,0.127573162317276,0.19286058843135834,0.225762277841568,0.07428445667028427,0.2736012637615204,0.22505513193278476,0.22277316451072693,0.46915268898010254,0.49523141980171204,0.47816532850265503,0.0,0.0,0.0,0.0
145,0.03685312833636999,0.12211142480373383,0.1861366331577301,0.1289648413658142,0.12395153194665909,0.19205287098884583,0.20529448986053467,0.06265705823898315,0.2519412934780121,0.2130739195593472,0.2229875773191452,0.45787790417671204,0.47687917947769165,0.45494964718818665,0.0,0.0,0.0,0.0
146,0.038273465521633625,0.12334147095680237,0.19059838354587555,0.13774724304676056,0.13415703177452087,0.20310941338539124,0.2428876906633377,0.061279233545064926,0.24460791051387787,0.23071425331049952,0.24164745211601257,0.4762876331806183,0.5015691518783569,0.46388766169548035,0.0,0.0,0.0,0.0
147,0.03330928409099579,0.1166154220700264,0.17763838171958923,0.13839033246040344,0.1369427740573883,0.19343538582324982,0.2024812251329422,0.05904100462794304,0.24940147995948792,0.2263153544787703,0.2351444959640503,0.4716859459877014,0.5000344514846802,0.4738578796386719,0.0,0.0,0.0,0.0
148,0.038298260137438776,0.12220778316259384,0.18904687464237213,0.13797764480113983,0.128724604845047,0.20205527544021606,0.21914803981781006,0.05140065401792526,0.23130398988723755,0.19398671131709527,0.21421964466571808,0.4380440413951874,0.45882752537727356,0.4455016255378723,0.0,0.0,0.0,0.0
149,0.03508321885764599,0.11852425336837769,0.1816336065530777,0.1313115954399109,0.12890352308750153,0.18228031694889069,0.21530179679393768,0.0697128102183342,0.22816622257232666,0.2270719527170576,0.2274857461452484,0.4715142548084259,0.4952329397201538,0.5012539625167847,0.0,0.0,0.0,0.0
150,0.03470680151134729,0.11636899411678314,0.1807178258895874,0.12283118069171906,0.11140163987874985,0.1775432676076889,0.19406813383102417,0.05833224579691887,0.23580481112003326,0.21391469856788373,0.21791419386863708,0.45874467492103577,0.49122944474220276,0.4561125934123993,0.0,0.0,0.0,0.0
151,0.03620881861448288,0.1209111139178276,0.18484699726104736,0.13434159755706787,0.1299005150794983,0.18168030679225922,0.21552050113677979,0.09074694663286209,0.24845311045646667,0.21580768248130536,0.24167488515377045,0.4621935188770294,0.4746360778808594,0.45534756779670715,0.0,0.0,0.0,0.0
152,0.03610860138386488,0.12055026739835739,0.1841968446969986,0.14126472175121307,0.13277775049209595,0.19714435935020447,0.2098289132118225,0.06716970354318619,0.22412461042404175,0.2624812830111076,0.2482549399137497,0.5016897320747375,0.5292536020278931,0.5334537625312805,0.0,0.0,0.0,0.0
153,0.04048861696571111,0.12560215592384338,0.19433720409870148,0.129218190908432,0.12325014919042587,0.19421984255313873,0.20427805185317993,0.056969668716192245,0.2247648537158966,0.2079672140294108,0.20952898263931274,0.4527727961540222,0.4821683168411255,0.47371602058410645,0.0,0.0,0.0,0.0
154,0.03450144083797932,0.11645550280809402,0.18003259599208832,0.12811854481697083,0.12010689824819565,0.18870636820793152,0.2021220177412033,0.06080703064799309,0.2515585124492645,0.21996364819592443,0.2216586470603943,0.46445390582084656,0.4977867305278778,0.4762733578681946,0.0,0.0,0.0,0.0
155,0.033995929270982744,0.11355631053447723,0.17752505838871002,0.12603645026683807,0.11876004934310913,0.17571842670440674,0.2189699411392212,0.054841961711645126,0.23497214913368225,0.226847053601824,0.242162823677063,0.47302958369255066,0.48034319281578064,0.45649898052215576,0.0,0.0,0.0,0.0
156,0.03385351797938347,0.11470577865839005,0.1773310750722885,0.12273885309696198,0.12538976967334747,0.18277312815189362,0.22564902901649475,0.05030634626746178,0.23871593177318573,0.22569103744523278,0.2268875390291214,0.4708908200263977,0.497890830039978,0.48785048723220825,0.0,0.0,0.0,0.0
157,0.03693593343347311,0.11795274168252945,0.18489573895931244,0.13070911169052124,0.1210833191871643,0.1821184903383255,0.21454311907291412,0.05233408510684967,0.27163267135620117,0.23150039284393706,0.22912196815013885,0.4746701121330261,0.5022552013397217,0.5045136213302612,0.0,0.0,0.0,0.0
158,0.03718432649970055,0.11650025844573975,0.1849031150341034,0.1534046083688736,0.14675939083099365,0.2112245261669159,0.2290152907371521,0.07083870470523834,0.2452543079853058,0.1956665916689511,0.20388242602348328,0.44101688265800476,0.4615800678730011,0.4418630599975586,0.0,0.0,0.0,0.0
159,0.03455207357555628,0.1161273643374443,0.17947717010974884,0.14620272815227509,0.13962560892105103,0.19657419621944427,0.2281937450170517,0.07391433417797089,0.23596450686454773,0.20226704200793957,0.21217182278633118,0.44750192761421204,0.4748475253582001,0.4697248935699463,0.0,0.0,0.0,0.0
160,0.03797203006595373,0.11911729723215103,0.1887100785970688,0.13709156215190887,0.13117551803588867,0.20370568335056305,0.23759467899799347,0.05062849819660187,0.24611349403858185,0.22345358852682443,0.23729585111141205,0.4694625735282898,0.49257799983024597,0.4836065173149109,0.0,0.0,0.0,0.0
161,0.03774115982651711,0.11846625804901123,0.187954843044281,0.14129722118377686,0.1401572972536087,0.20063214004039764,0.25913524627685547,0.06097766384482384,0.27078816294670105,0.3038344907349554,0.3092891573905945,0.5440778136253357,0.5577800869941711,0.5777986645698547,0.0,0.0,0.0,0.0
162,0.03625298968702555,0.11869490891695023,0.18351653218269348,0.12227261811494827,0.12099693715572357,0.18755608797073364,0.22619235515594482,0.06471768766641617,0.23412452638149261,0.2302877384013143,0.2586050033569336,0.4767801761627197,0.49274784326553345,0.4781106114387512,0.0,0.0,0.0,0.0
163,0.03579970163851976,0.11641660332679749,0.180315762758255,0.14766114950180054,0.1390380859375,0.1963692307472229,0.2361922264099121,0.07009492814540863,0.24265986680984497,0.222142336697414,0.23212310671806335,0.4675244092941284,0.49684998393058777,0.47252050042152405,0.0,0.0,0.0,0.0
164,0.03705714802443981,0.1185745820403099,0.18442760407924652,0.13781817257404327,0.12668342888355255,0.18725427985191345,0.1963176280260086,0.06099298596382141,0.25869256258010864,0.23755730637188616,0.2506718039512634,0.48260870575904846,0.5126290321350098,0.5095760822296143,0.0,0.0,0.0,0.0
165,0.03460790688544512,0.11645200103521347,0.17982043325901031,0.13512493669986725,0.1218254566192627,0.1852690726518631,0.20378319919109344,0.0569772906601429,0.2581842541694641,0.24694769033070268,0.24510307610034943,0.4904994070529938,0.5170361995697021,0.5145068764686584,0.0,0.0,0.0,0.0
166,0.03397330567985773,0.11625383049249649,0.17793788015842438,0.14162112772464752,0.13513413071632385,0.2059450000524521,0.19917386770248413,0.07890964299440384,0.24588948488235474,0.21496429474189363,0.22215357422828674,0.4595404863357544,0.4903723895549774,0.44997307658195496,0.0,0.0,0.0,0.0
167,0.03393900513648987,0.11659079790115356,0.1784445345401764,0.13281498849391937,0.12618388235569,0.19151638448238373,0.21396689116954803,0.07204695791006088,0.23109841346740723,0.2050877496086318,0.2170855551958084,0.4506092965602875,0.4721599519252777,0.4644230008125305,0.0,0.0,0.0,0.0
168,0.03148291349411011,0.11129149049520493,0.17194892466068268,0.13937273621559143,0.13194549083709717,0.18572187423706055,0.20990893244743347,0.06845290213823318,0.2393656224012375,0.19859875430320872,0.20973625779151917,0.444012314081192,0.44727519154548645,0.43309590220451355,0.0,0.0,0.0,0.0
169,0.031513573318719866,0.11271515488624573,0.17180900275707245,0.12369120866060257,0.11720915883779526,0.1743101328611374,0.2229052633047104,0.05925768241286278,0.22019179165363312,0.26978922095792046,0.26617157459259033,0.5114440321922302,0.5386262536048889,0.5088594555854797,0.0,0.0,0.0,0.0
170,0.03128826686739922,0.11135709285736084,0.17057742178440094,0.12691804766654968,0.12188969552516937,0.18194247782230377,0.19834554195404053,0.06416437029838562,0.20370380580425262,0.24755451597016434,0.26778626441955566,0.4928167164325714,0.5193372368812561,0.4852215349674225,0.0,0.0,0.0,0.0
171,0.03317378570884466,0.11478636413812637,0.17639289796352386,0.12870600819587708,0.12047293782234192,0.1805468648672104,0.19734033942222595,0.07071977108716965,0.2276483178138733,0.2204917006451508,0.2258445918560028,0.4663723111152649,0.4873636066913605,0.4511529207229614,0.0,0.0,0.0,0.0
172,0.03295671458542347,0.1136103942990303,0.17582155764102936,0.13796833157539368,0.13010558485984802,0.18628647923469543,0.21843335032463074,0.05986417084932327,0.22824129462242126,0.1957219330401256,0.2030704766511917,0.4410952925682068,0.4574880301952362,0.43459346890449524,0.0,0.0,0.0,0.0
173,0.036110966276377436,0.11694827675819397,0.18271376192569733,0.13828757405281067,0.12659703195095062,0.19377633929252625,0.2219499796628952,0.06638125330209732,0.23377129435539246,0.20766979353181247,0.21424508094787598,0.45241472125053406,0.4771217405796051,0.47667789459228516,0.0,0.0,0.0,0.0
174,0.0356755954772234,0.11351894587278366,0.18027937412261963,0.1352614313364029,0.1273401975631714,0.19390179216861725,0.24760377407073975,0.06218379735946655,0.2646453380584717,0.29950282234570075,0.3290444612503052,0.5431580543518066,0.5404041409492493,0.565148651599884,0.0,0.0,0.0,0.0
175,0.03714195193350315,0.1173490434885025,0.1849268674850464,0.13684847950935364,0.1265019327402115,0.17878194153308868,0.22978778183460236,0.061913102865219116,0.2459930032491684,0.24176701029826855,0.24009378254413605,0.48519179224967957,0.5170300602912903,0.5093488693237305,0.0,0.0,0.0,0.0
176,0.03206499590724707,0.11220960319042206,0.1730000376701355,0.12788261473178864,0.11849872767925262,0.17202593386173248,0.20964984595775604,0.07022631913423538,0.2442152500152588,0.23587620206947985,0.246552512049675,0.480901300907135,0.5094410181045532,0.4712041914463043,0.0,0.0,0.0,0.0
177,0.02923865746706724,0.10897845774888992,0.16592073440551758,0.11948981136083603,0.10571212321519852,0.1642497479915619,0.20067909359931946,0.07291661202907562,0.22860057651996613,0.2078821361064911,0.233212411403656,0.45437219738960266,0.47269362211227417,0.45772987604141235,0.0,0.0,0.0,0.0
178,0.030822097681462764,0.11148769408464432,0.1705905646085739,0.14218638837337494,0.13376925885677338,0.18854659795761108,0.216744527220726,0.07953842729330063,0.20911256968975067,0.19395049276023074,0.20138056576251984,0.43860548734664917,0.4522736072540283,0.43932074308395386,0.0,0.0,0.0,0.0
179,0.029618277452886105,0.10777046531438828,0.1671537607908249,0.11890030652284622,0.11393677443265915,0.16747258603572845,0.21235039830207825,0.06520269066095352,0.21688328683376312,0.22715992197908205,0.23270700871944427,0.4728116989135742,0.4891315996646881,0.48910364508628845,0.0,0.0,0.0,0.0
180,0.030695032730698586,0.11000221222639084,0.16909345984458923,0.1370537132024765,0.1287790834903717,0.17943967878818512,0.20111803710460663,0.05666496604681015,0.23897434771060944,0.24196255052911825,0.24066781997680664,0.48634111881256104,0.5161198973655701,0.5093352198600769,0.0,0.0,0.0,0.0
181,0.030366835810244082,0.11022784560918808,0.1677303910255432,0.11757771670818329,0.11337519437074661,0.16953374445438385,0.19706232845783234,0.042986609041690826,0.2201072722673416,0.2465241171162704,0.2553165555000305,0.4900915026664734,0.5270776748657227,0.49403345584869385,0.0,0.0,0.0,0.0
182,0.029651520498096943,0.10894317179918289,0.16723303496837616,0.13699695467948914,0.1267734318971634,0.18142536282539368,0.22390861809253693,0.04826841503381729,0.2445349097251892,0.21654894382789217,0.21876153349876404,0.4616527855396271,0.4942415952682495,0.4540238678455353,0.0,0.0,0.0,0.0
183,0.032345827877521514,0.1101098507642746,0.17349514365196228,0.12062621861696243,0.11148799955844879,0.18568336963653564,0.20224948227405548,0.052084438502788544,0.24637649953365326,0.22163481804831275,0.22565977275371552,0.46535518765449524,0.49454522132873535,0.48279476165771484,0.0,0.0,0.0,0.0
184,0.030052384912967682,0.10675929486751556,0.16649550199508667,0.11880626529455185,0.10951009392738342,0.1616080105304718,0.19762849807739258,0.06328374147415161,0.24260792136192322,0.2385933219358839,0.2428971827030182,0.48194438219070435,0.5068179368972778,0.49371248483657837,0.0,0.0,0.0,0.0
185,0.03314799755066633,0.11271760612726212,0.17620684206485748,0.12465860694646835,0.12271987646818161,0.18467111885547638,0.2139807492494583,0.06101775914430618,0.25095444917678833,0.2148688625672768,0.23167410492897034,0.45925667881965637,0.4863717257976532,0.49604713916778564,0.0,0.0,0.0,0.0
186,0.035606533214449884,0.11645516008138657,0.18119557201862335,0.12500432133674622,0.12492071837186813,0.18568220734596252,0.2118266522884369,0.059505026787519455,0.25831887125968933,0.22108991855177387,0.22461166977882385,0.4662573039531708,0.49455127120018005,0.46585360169410706,0.0,0.0,0.0,0.0
187,0.028926464416086674,0.10885275155305862,0.1651865392923355,0.1318099945783615,0.11345473676919937,0.1745843142271042,0.21328838169574738,0.06073310226202011,0.22920696437358856,0.23194973222140608,0.2530691623687744,0.47816142439842224,0.5047022104263306,0.47962117195129395,0.0,0.0,0.0,0.0
188,0.03109542738646269,0.11038461327552795,0.17173616588115692,0.13245977461338043,0.12305072695016861,0.1726558357477188,0.2194090187549591,0.05526623874902725,0.24745480716228485,0.22232726267699537,0.227985680103302,0.46787041425704956,0.5005841255187988,0.4884006381034851,0.0,0.0,0.0,0.0
189,0.031100498959422112,0.1087016761302948,0.16905339062213898,0.13159872591495514,0.12288269400596619,0.17877528071403503,0.18442194163799286,0.07791692018508911,0.23100526630878448,0.3072084702294448,0.27826908230781555,0.5388448238372803,0.5689061284065247,0.5511659383773804,0.0,0.0,0.0,0.0
190,0.033334594555199146,0.11181644350290298,0.17598822712898254,0.13890543580055237,0.1329393833875656,0.1888953298330307,0.21186205744743347,0.07211532443761826,0.22439679503440857,0.22659778132520872,0.2226710170507431,0.4707483649253845,0.5032604336738586,0.4895147681236267,0.0,0.0,0.0,0.0
191,0.035394367292523383,0.11455735564231873,0.18181224167346954,0.14989180862903595,0.13954360783100128,0.19855275750160217,0.2460549920797348,0.07076182961463928,0.2452523559331894,0.23437543829967236,0.26793885231018066,0.4782666265964508,0.4968886971473694,0.5034688711166382,0.0,0.0,0.0,0.0
192,0.032422998689115044,0.10958948731422424,0.17298151552677155,0.13132819533348083,0.12311235070228577,0.17564263939857483,0.20656375586986542,0.0846094861626625,0.24394890666007996,0.24007875292465605,0.22612948715686798,0.48126596212387085,0.5138887166976929,0.5004585981369019,0.0,0.0,0.0,0.0
193,0.0328129368647933,0.11453092098236084,0.17561396956443787,0.14971855282783508,0.13934873044490814,0.20157787203788757,0.21933910250663757,0.0826449915766716,0.2297995686531067,0.2342484125803257,0.24709628522396088,0.4806801676750183,0.5010932087898254,0.48141607642173767,0.0,0.0,0.0,0.0
194,0.027206127628684042,0.10691533237695694,0.16047212481498718,0.12824709713459015,0.11788111180067062,0.16476652026176453,0.2054513692855835,0.05327960476279259,0.20869621634483337,0.2599652471213505,0.24733750522136688,0.5020225048065186,0.5254387855529785,0.5244535803794861,0.0,0.0,0.0,0.0
195,0.032136612258851525,0.11077262461185455,0.1729108989238739,0.12612690031528473,0.11757879704236984,0.17474041879177094,0.2067682445049286,0.07181057333946228,0.25915470719337463,0.2201004115671947,0.22880397737026215,0.4655592739582062,0.49137216806411743,0.4624488651752472,0.0,0.0,0.0,0.0
196,0.029574893094599247,0.11179464310407639,0.16631267964839935,0.12706755101680756,0.11421119421720505,0.16726154088974,0.21620115637779236,0.060651130974292755,0.1895224004983902,0.20274529220729037,0.23454855382442474,0.446022629737854,0.47333016991615295,0.44440948963165283,0.0,0.0,0.0,0.0
197,0.03129954596608877,0.10808822512626648,0.16965116560459137,0.11958964169025421,0.10772120952606201,0.166725754737854,0.2028070092201233,0.057805560529232025,0.21563489735126495,0.26402735350460843,0.2903105318546295,0.5097240805625916,0.5165963172912598,0.5484333634376526,0.0,0.0,0.0,0.0
198,0.032446971341967584,0.11128498613834381,0.1726074069738388,0.15322630107402802,0.1440223902463913,0.1991414576768875,0.24046100676059723,0.05784592404961586,0.1968010812997818,0.29541617786062174,0.31043675541877747,0.536400318145752,0.5612953305244446,0.5395742058753967,0.0,0.0,0.0,0.0
199,0.0338594092130661,0.11178628355264664,0.1776304841041565,0.14685586094856262,0.13976071774959564,0.20538334548473358,0.21550847589969635,0.063591368496418,0.2575426995754242,0.22984356150544924,0.2416936606168747,0.4763067364692688,0.4911966919898987,0.4818316400051117,0.0,0.0,0.0,0.0
200,0.028677111271768807,0.1069406121969223,0.16314935684204102,0.11188266426324844,0.09837079793214798,0.1619797945022583,0.19933560490608215,0.06772557646036148,0.23700931668281555,0.24819141934657918,0.24183601140975952,0.4907380938529968,0.5221812129020691,0.4763096868991852,0.0,0.0,0.0,0.0
201,0.030942097790539264,0.11087032407522202,0.169724702835083,0.12943752110004425,0.12047157436609268,0.17398440837860107,0.2141360342502594,0.06887652724981308,0.23192428052425385,0.18144081944021687,0.2173042744398117,0.4237917959690094,0.4395768344402313,0.410237580537796,0.0,0.0,0.0,0.0
202,0.029029030039906503,0.10630383342504501,0.1644662320613861,0.12480363994836807,0.1117687076330185,0.16371266543865204,0.1942065805196762,0.060822054743766785,0.21857908368110657,0.2233374216433229,0.2346823364496231,0.4685189127922058,0.4848872125148773,0.49416205286979675,0.0,0.0,0.0,0.0
203,0.03156194657087326,0.11174213141202927,0.1711442470550537,0.11891257762908936,0.11216557025909424,0.17276917397975922,0.2263718694448471,0.06629649549722672,0.2368733435869217,0.2203792261666265,0.23874028027057648,0.46384236216545105,0.49042075872421265,0.45393162965774536,0.0,0.0,0.0,0.0
204,0.028181106865406036,0.10618719458580017,0.16118472814559937,0.13120631873607635,0.12128578871488571,0.17226120829582214,0.20012082159519196,0.04074039310216904,0.20837830007076263,0.2295055964897419,0.22520564496517181,0.47360101342201233,0.5028774738311768,0.4598855972290039,0.0,0.0,0.0,0.0
205,0.029976707316935063,0.10848818719387054,0.1662956029176712,0.13761301338672638,0.1259370744228363,0.1834114044904709,0.19819959998130798,0.06323216110467911,0.23284222185611725,0.22637560860864048,0.22200191020965576,0.47109171748161316,0.4996066987514496,0.4822506606578827,0.0,0.0,0.0,0.0
206,0.028143696069717408,0.1053631529211998,0.1622796505689621,0.12373357266187668,0.1103934496641159,0.1602153331041336,0.19195139408111572,0.05845173820853233,0.21690893173217773,0.19734625723855248,0.20863935351371765,0.4416958689689636,0.4634622037410736,0.4301529824733734,0.0,0.0,0.0,0.0
207,0.027868379727005958,0.10525738447904587,0.16127219796180725,0.12569384276866913,0.1166805773973465,0.16709206998348236,0.2024814784526825,0.054802846163511276,0.2447207272052765,0.2468302373228402,0.253317266702652,0.4921717345714569,0.5140764713287354,0.5273197889328003,0.0,0.0,0.0,0.0
208,0.029826596669852733,0.10614622384309769,0.16486836969852448,0.12116601318120956,0.11298847198486328,0.16626696288585663,0.1843593716621399,0.057575516402721405,0.22818788886070251,0.2487149495502998,0.24568180739879608,0.49346956610679626,0.51895672082901,0.5018502473831177,0.0,0.0,0.0,0.0
209,0.03130721739679575,0.10878877341747284,0.16945584118366241,0.12952843308448792,0.11644922196865082,0.1767721325159073,0.22151565551757812,0.052376385778188705,0.23526570200920105,0.1722116794051795,0.21614284813404083,0.41414156556129456,0.4205973148345947,0.4115615487098694,0.0,0.0,0.0,0.0
210,0.03208251601457596,0.11155027896165848,0.1721060574054718,0.1278446465730667,0.11956723779439926,0.17617280781269073,0.2167038917541504,0.08512775599956512,0.24106748402118683,0.20517118891765332,0.2063290923833847,0.45023295283317566,0.482479989528656,0.45610564947128296,0.0,0.0,0.0,0.0
211,0.028385295666754247,0.1068865954875946,0.16336360573768616,0.11343967169523239,0.10013027489185333,0.1597578376531601,0.17762237787246704,0.04944967105984688,0.21749082207679749,0.20419452467869068,0.20745882391929626,0.4489465057849884,0.4802786707878113,0.449150025844574,0.0,0.0,0.0,0.0
212,0.028331318482756614,0.10493085533380508,0.16221404075622559,0.11738178879022598,0.10566847771406174,0.16708534955978394,0.18552365899085999,0.05925167724490166,0.201494038105011,0.27565462733137197,0.272381067276001,0.5157689452171326,0.5561594367027283,0.5600749850273132,0.0,0.0,0.0,0.0
213,0.03216178873181343,0.11146888881921768,0.17234176397323608,0.12715668976306915,0.12134459614753723,0.173550084233284,0.21603141725063324,0.07291605323553085,0.2529431879520416,0.2327167052647163,0.24807550013065338,0.47471892833709717,0.5104517936706543,0.4981134533882141,0.0,0.0,0.0,0.0
214,0.029117439717054366,0.10401547700166702,0.16436754167079926,0.1275276094675064,0.11664214730262756,0.17279697954654694,0.21547390520572662,0.05965776741504669,0.21861055493354797,0.20970852261987225,0.218617781996727,0.4555438756942749,0.48059582710266113,0.45249661803245544,0.0,0.0,0.0,0.0
215,0.029664635322988034,0.10753362625837326,0.16674479842185974,0.1145959123969078,0.10448573529720306,0.1602618396282196,0.2026645541191101,0.05804000422358513,0.2222004532814026,0.20397059465276784,0.22421002388000488,0.4486212432384491,0.47924038767814636,0.4375390112400055,0.0,0.0,0.0,0.0
216,0.02773118320852518,0.1064545288681984,0.16051052510738373,0.12845999002456665,0.11653561145067215,0.17275263369083405,0.19977813959121704,0.05739447847008705,0.19968289136886597,0.22207062049158688,0.21732357144355774,0.4670228362083435,0.5033039450645447,0.4633825123310089,0.0,0.0,0.0,0.0
217,0.028665824599564075,0.10676640272140503,0.16253119707107544,0.12913906574249268,0.118281789124012,0.1754230558872223,0.1993333250284195,0.06238313764333725,0.21853826940059662,0.22998067068642583,0.26046574115753174,0.475502073764801,0.48115625977516174,0.4585113823413849,0.0,0.0,0.0,0.0
218,0.030405317537486553,0.10951979458332062,0.1690349280834198,0.13040252029895782,0.12037497758865356,0.18052314221858978,0.2254757434129715,0.05715478956699371,0.22408747673034668,0.21311651786853528,0.21653646230697632,0.4573259651660919,0.4872983992099762,0.4527468979358673,0.0,0.0,0.0,0.0
219,0.030450300026685,0.10908433049917221,0.16738903522491455,0.1140046939253807,0.10244692116975784,0.16311673820018768,0.18782858550548553,0.06211262568831444,0.2246060073375702,0.19302697171424998,0.21940924227237701,0.43733760714530945,0.45911717414855957,0.4332394003868103,0.0,0.0,0.0,0.0
220,0.02713735020905733,0.10295224189758301,0.1584962159395218,0.12882284820079803,0.11769090592861176,0.17272226512432098,0.21471813321113586,0.062056344002485275,0.21919222176074982,0.19163124314669905,0.20698702335357666,0.4357408583164215,0.44971126317977905,0.4348088204860687,0.0,0.0,0.0,0.0
221,0.025782278224825858,0.1010201945900917,0.15425090491771698,0.1305309683084488,0.11877395957708359,0.1770116686820984,0.17565852403640747,0.054243363440036774,0.235818013548851,0.28269665559818,0.27331212162971497,0.5224857926368713,0.5590450167655945,0.5259066820144653,0.0,0.0,0.0,0.0
222,0.02806074383109808,0.10418982058763504,0.16063980758190155,0.1308915913105011,0.11476975679397583,0.16903705894947052,0.2191498577594757,0.046121954917907715,0.238917738199234,0.24620167397219558,0.24398422241210938,0.4900475740432739,0.5136829614639282,0.5137425065040588,0.0,0.0,0.0,0.0
223,0.027882919676601888,0.10511784255504608,0.16023364663124084,0.1216685026884079,0.11356601864099503,0.16809837520122528,0.1955895870923996,0.07168419659137726,0.20754055678844452,0.2162995379546593,0.22772511839866638,0.4630833566188812,0.4856019616127014,0.4552280306816101,0.0,0.0,0.0,0.0
224,0.03125425654649734,0.11012636125087738,0.16868522763252258,0.12261564284563065,0.10937503725290298,0.17122279107570648,0.20733807981014252,0.07230639457702637,0.22525261342525482,0.24355817509108577,0.25015324354171753,0.4827038049697876,0.5152633190155029,0.5057873129844666,0.0,0.0,0.0,0.0
225,0.030231851905584334,0.10638046264648438,0.16698351502418518,0.1432148963212967,0.13946150243282318,0.1877991259098053,0.20819240808486938,0.06945686042308807,0.2877052128314972,0.19879439986985306,0.22287125885486603,0.4436056911945343,0.46143218874931335,0.42929813265800476,0.0,0.0,0.0,0.0
226,0.02704356996715069,0.10330690443515778,0.15903767943382263,0.11686909943819046,0.10569705814123154,0.16039301455020905,0.20905756950378418,0.04580916836857796,0.2128314971923828,0.2304384523424609,0.24837271869182587,0.4776620864868164,0.4908357262611389,0.4763593375682831,0.0,0.0,0.0,0.0
227,0.027524074152112006,0.10445217788219452,0.16034695506095886,0.12194231897592545,0.10826423019170761,0.16887781023979187,0.2133454978466034,0.05573243647813797,0.19546757638454437,0.27506272803092824,0.287079393863678,0.518234133720398,0.5391173958778381,0.5230370759963989,0.0,0.0,0.0,0.0
228,0.02506663991510868,0.10092833638191223,0.15296173095703125,0.11798544228076935,0.10802672803401947,0.15230053663253784,0.18849056959152222,0.04446868970990181,0.19704897701740265,0.20786550897976447,0.20728668570518494,0.45284783840179443,0.47478187084198,0.4479975402355194,0.0,0.0,0.0,0.0
229,0.027600265454500915,0.10328108817338943,0.15971224009990692,0.12326584756374359,0.10750377178192139,0.16052952408790588,0.20952895283699036,0.059277988970279694,0.20775112509727478,0.21396018256401195,0.24044524133205414,0.4612451493740082,0.48331233859062195,0.4675379991531372,0.0,0.0,0.0,0.0
230,0.02645854400470853,0.10278508067131042,0.1558825969696045,0.12416048347949982,0.11395973712205887,0.16264331340789795,0.1783444583415985,0.04770215228199959,0.20899099111557007,0.23013153569451694,0.24493959546089172,0.47592753171920776,0.5059522390365601,0.48846086859703064,0.0,0.0,0.0,0.0
231,0.029387080267071725,0.10534112900495529,0.16418316960334778,0.12055029720067978,0.11008177697658539,0.1730612814426422,0.20321528613567352,0.06312200427055359,0.22083444893360138,0.25286069101300734,0.2752567529678345,0.4990236759185791,0.5197557806968689,0.520652174949646,0.0,0.0,0.0,0.0
232,0.028164081037044524,0.10471764206886292,0.16224730014801025,0.12396606802940369,0.11277367174625397,0.16698800027370453,0.2061578631401062,0.06015340983867645,0.2505222260951996,0.25207335116534396,0.25090619921684265,0.49523165822029114,0.5309309363365173,0.4956744909286499,0.0,0.0,0.0,0.0
233,0.030374926052987576,0.10938245803117752,0.16820549964904785,0.1229626014828682,0.11450868099927902,0.17078135907649994,0.23643618822097778,0.04793529957532883,0.2178383320569992,0.19458373610315652,0.2037786841392517,0.4394490718841553,0.4502127766609192,0.43636059761047363,0.0,0.0,0.0,0.0
234,0.03104158937931061,0.10804948210716248,0.16846813261508942,0.12941287457942963,0.1156303733587265,0.1747308373451233,0.2019829899072647,0.05048243701457977,0.22208939492702484,0.23915185445341572,0.24659879505634308,0.484360009431839,0.5184953212738037,0.4859243333339691,0.0,0.0,0.0,0.0
235,0.030124257057905196,0.10738606750965118,0.16487404704093933,0.1228189617395401,0.10993712395429611,0.17148609459400177,0.18349364399909973,0.04633935168385506,0.20505519211292267,0.23056297209756127,0.25554677844047546,0.4774661660194397,0.49147793650627136,0.510846734046936,0.0,0.0,0.0,0.0
236,0.026328957229852675,0.10246069729328156,0.15681663155555725,0.12429787218570709,0.11509960889816284,0.1584177166223526,0.19416211545467377,0.05068483576178551,0.2268543541431427,0.2327696567979352,0.23895935714244843,0.4784952998161316,0.5053731203079224,0.4777456820011139,0.0,0.0,0.0,0.0
237,0.02722695878148079,0.10321974754333496,0.16068927943706512,0.11859945207834244,0.10291606187820435,0.1600242406129837,0.19960248470306396,0.072442427277565,0.19333530962467194,0.22341388001524168,0.22353596985340118,0.4673994183540344,0.5019075274467468,0.47043442726135254,0.0,0.0,0.0,0.0
238,0.030560103222727775,0.1050928384065628,0.16738642752170563,0.13409189879894257,0.12171542644500732,0.18164938688278198,0.21069465577602386,0.06820852309465408,0.24627424776554108,0.22988633554557275,0.24649228155612946,0.4754701554775238,0.5083876848220825,0.4715525209903717,0.0,0.0,0.0,0.0
239,0.0267584740370512,0.10237192362546921,0.15745744109153748,0.12622244656085968,0.11101385951042175,0.16774138808250427,0.20704977214336395,0.0543082095682621,0.21395902335643768,0.21924830305165258,0.2229270040988922,0.4646061956882477,0.4921421706676483,0.46990182995796204,0.0,0.0,0.0,0.0
240,0.028885849244892597,0.1067369133234024,0.1642170399427414,0.11438218504190445,0.1019522100687027,0.16029684245586395,0.1849755346775055,0.07113618403673172,0.1940234899520874,0.23406329494098138,0.24753354489803314,0.4795656204223633,0.49785274267196655,0.46985137462615967,0.0,0.0,0.0,0.0
241,0.02539647088944912,0.10029223561286926,0.15415827929973602,0.11614643782377243,0.1032896339893341,0.1565697342157364,0.19344788789749146,0.06007714942097664,0.19768714904785156,0.2243996375593646,0.22506068646907806,0.4687112867832184,0.5017880797386169,0.4811099171638489,0.0,0.0,0.0,0.0
242,0.026948219545185566,0.10225235670804977,0.15834994614124298,0.12936712801456451,0.11810581386089325,0.17000071704387665,0.18825951218605042,0.05004370957612991,0.25562942028045654,0.21471766099847597,0.20705658197402954,0.45921459794044495,0.4989214539527893,0.4486299157142639,0.0,0.0,0.0,0.0
243,0.026658543586730955,0.1026734784245491,0.15708492696285248,0.12635354697704315,0.11436997354030609,0.16719284653663635,0.20080628991127014,0.060327839106321335,0.21507911384105682,0.22720137495419074,0.2188185304403305,0.4716392159461975,0.5078310370445251,0.4650003910064697,0.0,0.0,0.0,0.0
244,0.02914931156113744,0.10547924786806107,0.16325418651103973,0.12252818048000336,0.11541615426540375,0.1735229194164276,0.20489846169948578,0.08922772854566574,0.21307843923568726,0.2269148919089087,0.2299681454896927,0.4717521071434021,0.5114161372184753,0.48883500695228577,0.0,0.0,0.0,0.0
245,0.031648849844932554,0.10812975466251373,0.1696884036064148,0.12358447909355164,0.10812092572450638,0.17833329737186432,0.2149268388748169,0.07211877405643463,0.2606237232685089,0.23169124794417414,0.23330937325954437,0.47674864530563354,0.49848777055740356,0.47564810514450073,0.0,0.0,0.0,0.0
246,0.025747970059514045,0.1002795472741127,0.15468831360340118,0.1353294998407364,0.1268688142299652,0.17773140966892242,0.1969350129365921,0.049044180661439896,0.22074516117572784,0.24102447156248422,0.23405221104621887,0.48477229475975037,0.5257939100265503,0.49146461486816406,0.0,0.0,0.0,0.0
247,0.025455844726413487,0.10136668384075165,0.1539057195186615,0.11847366392612457,0.10938239097595215,0.1549047976732254,0.15708906948566437,0.062907874584198,0.20167939364910126,0.18800740766114202,0.20615990459918976,0.4314318001270294,0.4363417327404022,0.42064914107322693,0.0,0.0,0.0,0.0
248,0.026207534395158293,0.1011282280087471,0.15604303777217865,0.11255086213350296,0.10166909545660019,0.15825045108795166,0.1884024441242218,0.07637838274240494,0.2197621911764145,0.2126152124898187,0.21866431832313538,0.4579499363899231,0.4859292209148407,0.4497245252132416,0.0,0.0,0.0,0.0
249,0.027717217206954955,0.1035781279206276,0.15924492478370667,0.12064698338508606,0.11164991557598114,0.15968582034111023,0.20387017726898193,0.05900080129504204,0.21893231570720673,0.31468930018359215,0.31806209683418274,0.549330472946167,0.5787679553031921,0.5901060700416565,0.0,0.0,0.0,0.0
250,0.026267858624458313,0.10313577204942703,0.15699709951877594,0.11546868085861206,0.09961071610450745,0.14999790489673615,0.1933453530073166,0.07174354791641235,0.21518589556217194,0.211998853704025,0.23950634896755219,0.45880258083343506,0.4698483943939209,0.4783918559551239,0.0,0.0,0.0,0.0
251,0.026159216091036795,0.10197927057743073,0.15647554397583008,0.11258038133382797,0.0961964875459671,0.1570347547531128,0.19301801919937134,0.05123103782534599,0.20353102684020996,0.20073397971432785,0.2053288072347641,0.4454774856567383,0.47382852435112,0.44229114055633545,0.0,0.0,0.0,0.0
252,0.02692205772548914,0.10163301974534988,0.1586552858352661,0.11870463192462921,0.10395635664463043,0.16874080896377563,0.2072528451681137,0.05204041674733162,0.2581663727760315,0.2068503637766016,0.22182615101337433,0.45042163133621216,0.477977991104126,0.45352986454963684,0.0,0.0,0.0,0.0
253,0.03141640316694975,0.10750716924667358,0.16986803710460663,0.11441979557275772,0.10367707908153534,0.17751629650592804,0.22942006587982178,0.07041172683238983,0.23254050314426422,0.2051996563015313,0.22013713419437408,0.451545387506485,0.45482775568962097,0.43895795941352844,0.0,0.0,0.0,0.0
254,0.028274152353405954,0.10354892164468765,0.1620897799730301,0.11776335537433624,0.10520929098129272,0.15672463178634644,0.18740509450435638,0.05253351107239723,0.21910735964775085,0.22235814096598788,0.2279612123966217,0.46784985065460205,0.499725341796875,0.47339025139808655,0.0,0.0,0.0,0.0
255,0.026833311565220355,0.1019759476184845,0.15728741884231567,0.13310596346855164,0.12464746087789536,0.1686931550502777,0.20741066336631775,0.08347482234239578,0.22090494632720947,0.22184039241281048,0.24034515023231506,0.4684118926525116,0.48702824115753174,0.4537191390991211,0.0,0.0,0.0,0.0
256,0.029430990740656852,0.10439621657133102,0.16372942924499512,0.12248960882425308,0.11340237408876419,0.1720341593027115,0.20072828233242035,0.09023698419332504,0.21176841855049133,0.2073097871295337,0.20821473002433777,0.45205265283584595,0.4831044673919678,0.4519391655921936,0.0,0.0,0.0,0.0
257,0.029110883340239525,0.10370037704706192,0.1639864295721054,0.11508554965257645,0.10631974041461945,0.1588089019060135,0.22998924553394318,0.06874136626720428,0.2335079461336136,0.204174497004213,0.2312689572572708,0.45051151514053345,0.47720953822135925,0.45716866850852966,0.0,0.0,0.0,0.0
258,0.022124473966658117,0.09609202295541763,0.14385463297367096,0.11036231368780136,0.09748166799545288,0.15168434381484985,0.16019877791404724,0.03992389142513275,0.16914045810699463,0.20965899886756106,0.21597838401794434,0.45518216490745544,0.4718417823314667,0.47235074639320374,0.0,0.0,0.0,0.0
259,0.02692653214931488,0.10196269303560257,0.15801435708999634,0.12619487941265106,0.110406294465065,0.16942977905273438,0.1991874724626541,0.044857628643512726,0.22779415547847748,0.2601831642718151,0.2703847289085388,0.5045693516731262,0.5244014859199524,0.5599327087402344,0.0,0.0,0.0,0.0
260,0.02472044049203396,0.10149922221899033,0.15326166152954102,0.11691742390394211,0.10050569474697113,0.1478632390499115,0.18388845026493073,0.059482354670763016,0.21264111995697021,0.23772150586391316,0.25892916321754456,0.4837874174118042,0.5038988590240479,0.46606943011283875,0.0,0.0,0.0,0.0
261,0.0260288043692708,0.10009319335222244,0.15368717908859253,0.11467157304286957,0.10081207007169724,0.1549227386713028,0.19021834433078766,0.06745574623346329,0.21089065074920654,0.21673397462943506,0.2151654064655304,0.4606134295463562,0.49577024579048157,0.45429179072380066,0.0,0.0,0.0,0.0
262,0.027041945286095142,0.1034223735332489,0.15771491825580597,0.1282534897327423,0.11674364656209946,0.16930027306079865,0.1985848993062973,0.06086808443069458,0.21448147296905518,0.21431824205250577,0.2281966656446457,0.4606148600578308,0.4798153042793274,0.44927889108657837,0.0,0.0,0.0,0.0
263,0.025888016015291213,0.10277774184942245,0.1539284735918045,0.11198525130748749,0.09802999347448349,0.15595091879367828,0.1628839373588562,0.04294702410697937,0.1891559362411499,0.24058222616540975,0.25171056389808655,0.4852367043495178,0.5077024698257446,0.46512240171432495,0.0,0.0,0.0,0.0
264,0.0251993475779891,0.10063730925321579,0.15318313241004944,0.10892999917268753,0.09571585059165955,0.15414609014987946,0.19681750237941742,0.05596271902322769,0.20300644636154175,0.2310318499803543,0.2337256819009781,0.47593823075294495,0.5015063881874084,0.46015453338623047,0.0,0.0,0.0,0.0
265,0.02577863210439682,0.0995088666677475,0.15423206984996796,0.11526782810688019,0.10326042026281357,0.15663041174411774,0.19732360541820526,0.058215778321027756,0.20927497744560242,0.20885423442413067,0.2144778072834015,0.4545597732067108,0.47815385460853577,0.4428710341453552,0.0,0.0,0.0,0.0
266,0.02558168201893568,0.10038992017507553,0.15326456725597382,0.11887691169977188,0.10282919555902481,0.15755777060985565,0.17048253118991852,0.06024311110377312,0.21770282089710236,0.1930033878005784,0.20631420612335205,0.4381093382835388,0.435937762260437,0.431364506483078,0.0,0.0,0.0,0.0
267,0.023030894100666045,0.09846518933773041,0.14754530787467957,0.11797675490379333,0.10975342988967896,0.15711607038974762,0.1916290819644928,0.06102362275123596,0.1898631900548935,0.20043061468107948,0.21777518093585968,0.4446563720703125,0.46866482496261597,0.4361078441143036,0.0,0.0,0.0,0.0
268,0.026252378806471823,0.10024874657392502,0.15582934021949768,0.12415578216314316,0.1140514686703682,0.16282328963279724,0.18190895020961761,0.059232186526060104,0.2063801884651184,0.2355500547022655,0.23405307531356812,0.47980934381484985,0.5058684945106506,0.47014522552490234,0.0,0.0,0.0,0.0
269,0.02455226781964302,0.09809263050556183,0.15069520473480225,0.11093117296695709,0.09344314783811569,0.1524467170238495,0.19145025312900543,0.05010553449392319,0.2105860710144043,0.21531870447356125,0.22365674376487732,0.46114879846572876,0.4851650595664978,0.476035475730896,0.0,0.0,0.0,0.0
270,0.024644803151488304,0.09880853444337845,0.15271449089050293,0.12378683686256409,0.11160966008901596,0.16450336575508118,0.1943327933549881,0.048534639179706573,0.23166272044181824,0.23502423228888675,0.23538583517074585,0.48000437021255493,0.5169793963432312,0.47475698590278625,0.0,0.0,0.0,0.0
271,0.026371707011014222,0.09971366822719574,0.15639814734458923,0.11672714352607727,0.10044325143098831,0.1537090539932251,0.2012680023908615,0.06741635501384735,0.22425498068332672,0.19726338931198778,0.21756088733673096,0.4428669810295105,0.45516297221183777,0.43598073720932007,0.0,0.0,0.0,0.0
272,0.02584871780872345,0.09761187434196472,0.15362483263015747,0.11096617579460144,0.09180701524019241,0.14223431050777435,0.17210786044597626,0.05746443569660187,0.22741857171058655,0.22063355045071964,0.23014315962791443,0.466266006231308,0.46666455268859863,0.4628722071647644,0.0,0.0,0.0,0.0
273,0.026180409893393517,0.10036761313676834,0.1567317396402359,0.1097264438867569,0.09183859825134277,0.14722248911857605,0.1887841820716858,0.04867861419916153,0.22065171599388123,0.21460218881738596,0.22426211833953857,0.4590337872505188,0.4954198896884918,0.4459063708782196,0.0,0.0,0.0,0.0
274,0.0233145490847528,0.09608202427625656,0.14833587408065796,0.11682099103927612,0.10426495969295502,0.15766951441764832,0.1975201964378357,0.04952241852879524,0.229477196931839,0.2780940054819502,0.25891926884651184,0.5192569494247437,0.5435106754302979,0.5335549712181091,0.0,0.0,0.0,0.0
275,0.025158607870340348,0.1003384217619896,0.153792604804039,0.12321804463863373,0.10596465319395065,0.1605323851108551,0.17803291976451874,0.061989814043045044,0.17982222139835358,0.1842576784306559,0.1941191703081131,0.4284769892692566,0.4393250048160553,0.4276873767375946,0.0,0.0,0.0,0.0
276,0.025916218526661396,0.10035751760005951,0.15348869562149048,0.11122102290391922,0.09731806814670563,0.15850280225276947,0.18512500822544098,0.059073660522699356,0.20443224906921387,0.1887680009521287,0.22085262835025787,0.43228521943092346,0.4359792172908783,0.424996942281723,0.0,0.0,0.0,0.0
277,0.025637444529682397,0.0995527133345604,0.15407907962799072,0.1174456998705864,0.10367093980312347,0.15901221334934235,0.19561107456684113,0.04879191517829895,0.2302028089761734,0.20456687540843568,0.21043160557746887,0.4499525725841522,0.47525253891944885,0.46303027868270874,0.0,0.0,0.0,0.0
278,0.028353063762187956,0.10267504304647446,0.16069090366363525,0.11358791589736938,0.10421845316886902,0.16000032424926758,0.1903827041387558,0.06804601103067398,0.2519832253456116,0.20297773953141837,0.23314177989959717,0.44682666659355164,0.4604322910308838,0.45251134037971497,0.0,0.0,0.0,0.0
279,0.02543463545292616,0.09870034456253052,0.154083713889122,0.11634344607591629,0.10594193637371063,0.15705157816410065,0.15971092879772186,0.056516747921705246,0.21114297211170197,0.22320346996701998,0.2244921177625656,0.4680315852165222,0.5041423439979553,0.4616546332836151,0.0,0.0,0.0,0.0
280,0.025947074461728333,0.09957221150398254,0.15369044244289398,0.12046115100383759,0.10908035933971405,0.16240762174129486,0.18858473002910614,0.055680371820926666,0.23882704973220825,0.2191099812244547,0.227420836687088,0.46468275785446167,0.48071038722991943,0.48104217648506165,0.0,0.0,0.0,0.0
281,0.027965042009949682,0.10421901941299438,0.16212457418441772,0.12170986831188202,0.10706321895122528,0.1709011346101761,0.20164257287979126,0.07508786022663116,0.2009841352701187,0.22767323872138714,0.2254786640405655,0.4717032313346863,0.5100059509277344,0.4628007709980011,0.0,0.0,0.0,0.0
282,0.028164399910718202,0.10122933238744736,0.15990592539310455,0.10528939217329025,0.09180628508329391,0.14643695950508118,0.1981792002916336,0.07025964558124542,0.22642013430595398,0.21674358998907023,0.22182443737983704,0.46198442578315735,0.4881868362426758,0.4588319659233093,0.0,0.0,0.0,0.0
283,0.02370538367331028,0.09632620215415955,0.14846083521842957,0.10532701015472412,0.09399396181106567,0.13706223666667938,0.181998610496521,0.05936150252819061,0.2094949632883072,0.2162542255788014,0.221033975481987,0.4615146815776825,0.48045751452445984,0.46527835726737976,0.0,0.0,0.0,0.0
284,0.024108178809285164,0.09914251416921616,0.1497909128665924,0.11667603254318237,0.10235190391540527,0.15562115609645844,0.20124663412570953,0.05528119206428528,0.18923549354076385,0.2068021734213007,0.212985560297966,0.45150303840637207,0.4753309488296509,0.447700560092926,0.0,0.0,0.0,0.0
285,0.02783016125112772,0.10345891118049622,0.16002023220062256,0.12137246876955032,0.10525009781122208,0.1619117558002472,0.18569834530353546,0.06072132661938667,0.2010086327791214,0.22958490406644755,0.23082904517650604,0.47413933277130127,0.5019456744194031,0.478299081325531,0.0,0.0,0.0,0.0
286,0.024160101011395454,0.09697670489549637,0.14880508184432983,0.12014780193567276,0.10859213024377823,0.16402296721935272,0.17328529059886932,0.07193392515182495,0.2099609524011612,0.22316689635145254,0.23387420177459717,0.4687897861003876,0.4901215434074402,0.4790728986263275,0.0,0.0,0.0,0.0
287,0.024534196466207504,0.09877100586891174,0.15040314197540283,0.11198879778385162,0.09604831039905548,0.15092259645462036,0.1818905770778656,0.051180560141801834,0.23515170812606812,0.2284633332285388,0.2556973397731781,0.4753395617008209,0.5007960796356201,0.4920276999473572,0.0,0.0,0.0,0.0
288,0.02287490202486515,0.09716688841581345,0.14715884625911713,0.11245544254779816,0.09682216495275497,0.14623290300369263,0.19056886434555054,0.052472375333309174,0.22187133133411407,0.24743857157641444,0.26031091809272766,0.49166935682296753,0.523448646068573,0.5131992101669312,0.0,0.0,0.0,0.0
289,0.022218969032168388,0.09498942643404007,0.1446896493434906,0.1159762591123581,0.09923462569713593,0.1472507119178772,0.1922828108072281,0.054764240980148315,0.18824519217014313,0.18647288197073444,0.20593516528606415,0.42993342876434326,0.45162859559059143,0.42317748069763184,0.0,0.0,0.0,0.0
290,0.025653743304312228,0.09848245233297348,0.15406069159507751,0.10557087510824203,0.09468330442905426,0.14803262054920197,0.18331606686115265,0.05996057391166687,0.22138400375843048,0.21739339520191325,0.21152549982070923,0.46065083146095276,0.47247034311294556,0.4542481601238251,0.0,0.0,0.0,0.0
291,0.024347064327448608,0.09911573678255081,0.15094323456287384,0.12192454934120178,0.10485529899597168,0.16168956458568573,0.18998347222805023,0.04616217315196991,0.20948243141174316,0.2136758771435968,0.2181083709001541,0.4582928717136383,0.4857233166694641,0.4776436984539032,0.0,0.0,0.0,0.0
292,0.023165825493633746,0.09734778851270676,0.14712132513523102,0.10916566103696823,0.09439946711063385,0.14301736652851105,0.17620058357715607,0.04922415316104889,0.18490107357501984,0.21566839875846072,0.24696597456932068,0.4629596769809723,0.4701152443885803,0.47758105397224426,0.0,0.0,0.0,0.0
293,0.022860129579901696,0.09568852186203003,0.14602378010749817,0.12099539488554001,0.11062440276145935,0.16005878150463104,0.19137834012508392,0.041337378323078156,0.19136497378349304,0.20761989519513888,0.2184031903743744,0.45314472913742065,0.4717787802219391,0.4468545615673065,0.0,0.0,0.0,0.0
294,0.025189727202057838,0.09917034953832626,0.15242844820022583,0.10948434472084045,0.09540976583957672,0.15087230503559113,0.1814749538898468,0.05419035628437996,0.21251550316810608,0.21098736134068719,0.22106587886810303,0.4556294083595276,0.4665675759315491,0.43221452832221985,0.0,0.0,0.0,0.0
295,0.025564662322402,0.09888885915279388,0.15329743921756744,0.109983891248703,0.09541325271129608,0.14666318893432617,0.19151824712753296,0.06627962738275528,0.22072434425354004,0.20344729721546173,0.20479734241962433,0.446489542722702,0.4598061442375183,0.4350457489490509,0.0,0.0,0.0,0.0
296,0.025089734330773352,0.09881273657083511,0.1527096927165985,0.12008635699748993,0.1048569604754448,0.16054220497608185,0.19327081739902496,0.058810651302337646,0.23730719089508057,0.21953529941624608,0.22557157278060913,0.46510690450668335,0.49923330545425415,0.4591710567474365,0.0,0.0,0.0,0.0
297,0.026569341085851194,0.10040923207998276,0.15553757548332214,0.11403334885835648,0.09457720071077347,0.15383046865463257,0.2140679955482483,0.0690542533993721,0.22122718393802643,0.2762080189482919,0.25747939944267273,0.5141729116439819,0.5499321222305298,0.5153133869171143,0.0,0.0,0.0,0.0
298,0.026319643788039686,0.10010749846696854,0.1547204703092575,0.1131305992603302,0.09393017739057541,0.1468629390001297,0.18205375969409943,0.06651890277862549,0.22854939103126526,0.20577168927110476,0.21637144684791565,0.45110854506492615,0.46141713857650757,0.4377681612968445,0.0,0.0,0.0,0.0
299,0.025031188815832137,0.09894533455371857,0.152839794754982,0.12427152693271637,0.11263362318277359,0.16124658286571503,0.18331007659435272,0.061635058373212814,0.23767541348934174,0.2304500510980343,0.25923389196395874,0.47718188166618347,0.5073075890541077,0.4985843598842621,0.0,0.0,0.0,0.0
