,loss,mae,rmse,class_0_rmse,class_1_rmse,class_2_rmse,class_3_rmse,class_4_rmse,val_loss,val_mae,val_rmse,val_class_0_rmse,val_class_1_rmse,val_class_2_rmse,val_class_3_rmse,val_class_4_rmse
0,2.0071274824142455,1.1404902935028076,1.3970338106155396,1.2286344766616821,0.3851098120212555,1.355286717414856,1.6832681894302368,1.6653109788894653,0.40873365791944355,0.40432849526405334,0.6093310117721558,0.46214157342910767,0.06270783394575119,0.7044611573219299,0.4338645935058594,0.5450767874717712
1,1.129020806312561,0.8366766571998596,1.0566965341567993,0.8514153361320496,0.24534615874290466,0.9540923237800598,1.094191551208496,1.1169466972351074,0.37843332382348865,0.3913843631744385,0.5929415225982666,0.49658530950546265,0.08227714151144028,0.5654265880584717,0.42003557085990906,0.5173109769821167
2,0.8771930828094482,0.7290142178535461,0.9309409856796265,0.8065693378448486,0.22788695991039276,0.9322365522384644,0.9928887486457825,0.98912113904953,0.3601842995446462,0.3712173402309418,0.5762078762054443,0.4771842360496521,0.09369932860136032,0.5806113481521606,0.40817150473594666,0.4562603831291199
3,0.7457432334423065,0.659039318561554,0.8594561219215393,0.7270581126213074,0.22270047664642334,0.8247518539428711,0.8983326554298401,0.9050002694129944,0.34953991839518916,0.34340980648994446,0.5669562220573425,0.45344746112823486,0.08890177309513092,0.5336621999740601,0.3620094060897827,0.5447444319725037
4,0.6523959469795227,0.6102856993675232,0.8032248020172119,0.6939442157745361,0.24869196116924286,0.8197721242904663,0.8522220253944397,0.8727914094924927,0.37390357714432937,0.352146714925766,0.5890082120895386,0.5143849849700928,0.13199807703495026,0.5529748797416687,0.361507773399353,0.48891323804855347
5,0.5809799807071686,0.5649782419204712,0.7559353113174438,0.6040055751800537,0.19343037903308868,0.7279602885246277,0.7426671385765076,0.7917909026145935,0.3298892037799725,0.32507309317588806,0.5504370927810669,0.4581931233406067,0.1044572964310646,0.5546000599861145,0.35756757855415344,0.46647751331329346
6,0.5523943550586701,0.5423000454902649,0.7372140288352966,0.6265073418617249,0.2096846103668213,0.735634446144104,0.7617132663726807,0.7810288071632385,0.3459968506716765,0.3291347622871399,0.5628432631492615,0.46187081933021545,0.10160832107067108,0.5447301864624023,0.35957491397857666,0.47412312030792236
7,0.4898593900203705,0.5009082555770874,0.6936203837394714,0.5539903044700623,0.2064703404903412,0.6840322017669678,0.6697603464126587,0.7270684838294983,0.3613232938716045,0.32140377163887024,0.5800285935401917,0.49600860476493835,0.09824533015489578,0.5469080209732056,0.30701944231987,0.4428894817829132
8,0.4626670150756836,0.4827573299407959,0.674319326877594,0.545181155204773,0.1880718618631363,0.6481344103813171,0.6410158276557922,0.7278310656547546,0.3394515938483752,0.31807833909988403,0.5559268593788147,0.4813050925731659,0.09782233834266663,0.570260763168335,0.35176175832748413,0.5011405348777771
9,0.4286259716749191,0.45748865604400635,0.6484682559967041,0.5486963987350464,0.20244158804416656,0.6620915532112122,0.6577005982398987,0.6993877291679382,0.32265389123215127,0.27297496795654297,0.5351285934448242,0.4299410581588745,0.09873851388692856,0.5661848783493042,0.33792436122894287,0.46767908334732056
10,0.40550471723079684,0.44467929005622864,0.6314807534217834,0.4863010048866272,0.2038276642560959,0.6074908971786499,0.6117569208145142,0.6675089597702026,0.3049833601913773,0.2611066401004791,0.5150709748268127,0.3824167847633362,0.07818937301635742,0.5727200508117676,0.3807576596736908,0.5021110773086548
11,0.3853407903909683,0.42947787046432495,0.6142309904098511,0.4995013475418091,0.16383059322834015,0.6078498959541321,0.5962810516357422,0.6585637331008911,0.3256897058051366,0.27408427000045776,0.5404399633407593,0.4398854076862335,0.10456006973981857,0.5867873430252075,0.3637559115886688,0.42950138449668884
12,0.3660622977018356,0.41535139083862305,0.5997658967971802,0.49271491169929504,0.18855838477611542,0.5885146856307983,0.5691847205162048,0.649806022644043,0.29704453552571625,0.2527013123035431,0.5083500146865845,0.37383514642715454,0.09676233679056168,0.6044809222221375,0.3598572909832001,0.49860161542892456
13,0.35033479511737825,0.4036978483200073,0.5857231616973877,0.44818413257598877,0.18579894304275513,0.5554254651069641,0.5735108256340027,0.6075286865234375,0.29741366307895917,0.2592107653617859,0.5097240805625916,0.3746896982192993,0.08720759302377701,0.5842685699462891,0.36801210045814514,0.4768613576889038
14,0.33616768407821657,0.3927059471607208,0.5733253359794617,0.44928884506225586,0.16668587923049927,0.5541364550590515,0.5470237135887146,0.6002075672149658,0.42839869770866174,0.33675187826156616,0.6300499439239502,0.514170229434967,0.08879148215055466,0.5247882604598999,0.3386201560497284,0.5567535161972046
15,0.2923459061384201,0.36390256881713867,0.5350605249404907,0.45190197229385376,0.15158596634864807,0.5437458157539368,0.5432499647140503,0.5986310839653015,0.31942342766202414,0.24217066168785095,0.5200986862182617,0.355523943901062,0.05116825923323631,0.6179412603378296,0.42132675647735596,0.5706915259361267
16,0.3065847390890121,0.3714112639427185,0.5472471117973328,0.41737857460975647,0.1865738332271576,0.5281316637992859,0.5409837365150452,0.579337477684021,0.3938900175002905,0.3161390423774719,0.605948805809021,0.530995786190033,0.08801162987947464,0.5626431107521057,0.37036165595054626,0.48903003334999084
17,0.2777284060716629,0.35204607248306274,0.5212768912315369,0.38885584473609924,0.1404450237751007,0.49241510033607483,0.5051516890525818,0.5614687204360962,0.3053838543307323,0.22246065735816956,0.5098825693130493,0.35722193121910095,0.07927431166172028,0.6284177303314209,0.39005693793296814,0.51839280128479
18,0.2837907114028931,0.35093894600868225,0.5249524712562561,0.4024551510810852,0.14915424585342407,0.513676106929779,0.5070976614952087,0.5690099596977234,0.2778544715748957,0.2081131935119629,0.48449990153312683,0.3380374610424042,0.08773680776357651,0.6630381345748901,0.39911988377571106,0.49427515268325806
19,0.2808413316011429,0.3510386645793915,0.5218729972839355,0.43196675181388855,0.18678078055381775,0.5278517007827759,0.5414221286773682,0.5799229741096497,0.31038621411873746,0.26208260655403137,0.5236125588417053,0.39902687072753906,0.06921900808811188,0.5982298254966736,0.39449647068977356,0.48076921701431274
20,0.2645474686026573,0.3429502546787262,0.5055079460144043,0.3811819553375244,0.15008240938186646,0.4917440116405487,0.5031786561012268,0.5646331310272217,0.29597130998109394,0.23880285024642944,0.51223224401474,0.40047168731689453,0.09018583595752716,0.571520984172821,0.35446658730506897,0.38007980585098267
21,0.25112588626146315,0.330721914768219,0.4940708577632904,0.3741500973701477,0.16022224724292755,0.46571165323257446,0.47432947158813477,0.5345310568809509,0.3850028457549902,0.29725539684295654,0.596579909324646,0.524010419845581,0.09199448674917221,0.625128984451294,0.3026718199253082,0.3931293189525604
22,0.25297051829099654,0.3336949348449707,0.49477216601371765,0.3842152953147888,0.1538667380809784,0.49593907594680786,0.5098251104354858,0.5527598261833191,0.3176130883109111,0.23841172456741333,0.535446286201477,0.419616162776947,0.07583782076835632,0.6224768161773682,0.38594356179237366,0.41316285729408264
23,0.23619841808080674,0.3193274140357971,0.47699591517448425,0.3691541254520416,0.1705486923456192,0.4665420949459076,0.4763135313987732,0.5321604013442993,0.34420372911084157,0.2670484185218811,0.5580514073371887,0.4423674941062927,0.08806706964969635,0.6211114525794983,0.38240501284599304,0.45671388506889343
24,0.24757094252109527,0.3260776698589325,0.4867030680179596,0.3701053857803345,0.17848490178585052,0.4738224744796753,0.49030905961990356,0.5198817253112793,0.2916741634790714,0.2311364710330963,0.5053960084915161,0.3669266104698181,0.07470095157623291,0.6370534300804138,0.4298306703567505,0.4521113634109497
25,0.23178389805555344,0.3148678243160248,0.4728001356124878,0.36117464303970337,0.1646423190832138,0.46209093928337097,0.48025161027908325,0.5421550869941711,0.3110876283608377,0.2364368736743927,0.5235744118690491,0.4143417477607727,0.07481075078248978,0.6197165250778198,0.393875390291214,0.390558123588562
26,0.21185695844888688,0.3038737177848816,0.45230141282081604,0.34474116563796997,0.13996297121047974,0.4415784478187561,0.46266528964042664,0.5180339217185974,0.2793692183286811,0.19515490531921387,0.47060057520866394,0.27293017506599426,0.04148177057504654,0.7045023441314697,0.4764721095561981,0.5510695576667786
27,0.20353660953044891,0.2972196638584137,0.44432196021080017,0.3473508656024933,0.15053801238536835,0.4530427157878876,0.4608885943889618,0.4987480342388153,0.3082518278836058,0.22229409217834473,0.5177460312843323,0.37887728214263916,0.0912305936217308,0.6056628823280334,0.4057258367538452,0.43186089396476746
28,0.21308192694187164,0.29841941595077515,0.4524642825126648,0.35443371534347534,0.14691640436649323,0.4427345395088196,0.4759991466999054,0.5261407494544983,0.30318183151002115,0.23431076109409332,0.5189880132675171,0.42168793082237244,0.09055299311876297,0.6162957549095154,0.33270198106765747,0.34319815039634705
29,0.20924085193872452,0.29995042085647583,0.44738972187042236,0.3209874927997589,0.17132706940174103,0.43518492579460144,0.46556416153907776,0.48593148589134216,0.2840213453970276,0.20969486236572266,0.49080514907836914,0.3535322844982147,0.07448992133140564,0.665138840675354,0.4477292597293854,0.43343108892440796
30,0.19430765664577485,0.28881072998046875,0.431639701128006,0.3257187306880951,0.16621434688568115,0.4340023696422577,0.4584614634513855,0.48523783683776855,0.3779433825268195,0.286238431930542,0.5874979496002197,0.504408061504364,0.11179032921791077,0.562215268611908,0.4003011882305145,0.3980216979980469
31,0.17634972643852234,0.2763996422290802,0.41249531507492065,0.31285586953163147,0.15043869614601135,0.4168119728565216,0.4378088414669037,0.4827248454093933,0.28720709427188224,0.2026221752166748,0.5017834901809692,0.380421906709671,0.09008386731147766,0.6741005778312683,0.39845338463783264,0.40264543890953064
32,0.18455436271429063,0.2817040979862213,0.42044681310653687,0.3047698140144348,0.1500830352306366,0.4144846796989441,0.4288209080696106,0.46009910106658936,0.29236039925868124,0.2025812417268753,0.49612662196159363,0.34710028767585754,0.06993080675601959,0.6992215514183044,0.4848700761795044,0.47680360078811646
33,0.18055763360857963,0.2766186594963074,0.41569772362709045,0.28286880254745483,0.15315881371498108,0.39636117219924927,0.410587340593338,0.46047303080558777,0.2767064710004398,0.21006259322166443,0.47293180227279663,0.3244841992855072,0.07902702689170837,0.7284340262413025,0.48088935017585754,0.42714744806289673
34,0.17704851371049882,0.27632877230644226,0.4118692874908447,0.29621079564094543,0.15039798617362976,0.4155251383781433,0.43737122416496277,0.4817464053630829,0.32941826339811087,0.23595492541790009,0.5378332734107971,0.4184704124927521,0.09882468730211258,0.6084395051002502,0.44226980209350586,0.4126124382019043
35,0.1762997002005577,0.2744165360927582,0.4120042324066162,0.3075900673866272,0.16035491228103638,0.414469838142395,0.43310511112213135,0.46700647473335266,0.3152094688266516,0.25203222036361694,0.5161933302879333,0.35698413848876953,0.06424905359745026,0.6330581307411194,0.48050397634506226,0.5484259724617004
36,0.17217411679029465,0.26882603764533997,0.40603530406951904,0.24792060256004333,0.15620115399360657,0.35557323694229126,0.3954213261604309,0.4339597523212433,0.32305201703610903,0.24337634444236755,0.5317601561546326,0.4048948585987091,0.09713184088468552,0.606325089931488,0.4197675585746765,0.46190011501312256
37,0.17758836960792543,0.2724683880805969,0.41372150182724,0.3073273301124573,0.14909453690052032,0.4018508791923523,0.4300226867198944,0.47896790504455566,0.284193566095872,0.20515459775924683,0.4888639748096466,0.3603743016719818,0.07887201011180878,0.6443718671798706,0.44040223956108093,0.41678667068481445
38,0.15485135585069656,0.25679415464401245,0.3861393630504608,0.27495381236076355,0.15232281386852264,0.3751369118690491,0.41187694668769836,0.42227625846862793,0.28782960614010406,0.2040204554796219,0.5003847479820251,0.35845646262168884,0.07758384197950363,0.6549726128578186,0.4249572455883026,0.40235477685928345
39,0.1699442682862282,0.269806444644928,0.4027492105960846,0.2832734286785126,0.14252547919750214,0.373433381319046,0.4168533384799957,0.4511198401451111,0.3908752821958982,0.2906688153743744,0.5958802103996277,0.5134459733963013,0.1053038164973259,0.5642982125282288,0.47229325771331787,0.446624755859375
40,0.15882155054807662,0.2621263265609741,0.391233891248703,0.2752849757671356,0.16183583438396454,0.37271443009376526,0.4046432077884674,0.4539856016635895,0.2570519560204747,0.17448167502880096,0.45690491795539856,0.26926445960998535,0.0468241348862648,0.7270927429199219,0.4946604073047638,0.47834956645965576
41,0.14921773260831833,0.2527877390384674,0.37800687551498413,0.31471648812294006,0.15642708539962769,0.4129379391670227,0.4307383596897125,0.46434786915779114,0.3209248519001099,0.22994472086429596,0.5371288061141968,0.43811556696891785,0.07942049950361252,0.6007168292999268,0.3987463414669037,0.4416227340698242
42,0.1513631191253662,0.2544233202934265,0.37994495034217834,0.27175748348236084,0.12118276953697205,0.3628242015838623,0.4030560255050659,0.43652576208114624,0.28935944476129055,0.18778438866138458,0.4911206364631653,0.28439995646476746,0.05624639242887497,0.737526535987854,0.5104001760482788,0.5381584167480469
43,0.16115010517835618,0.26225367188453674,0.39044198393821716,0.313921183347702,0.16822434961795807,0.3975563049316406,0.4222303628921509,0.4774725139141083,0.3282642516379173,0.23909425735473633,0.5445067286491394,0.44599050283432007,0.0714322030544281,0.6603205800056458,0.36348336935043335,0.4156439006328583
44,0.1539365486204624,0.2572803795337677,0.38550084829330444,0.2801545262336731,0.14396069943904877,0.36816415190696716,0.4030520021915436,0.4575212895870209,0.3571335358115343,0.26298239827156067,0.5731807947158813,0.45485618710517883,0.07739867269992828,0.6154232621192932,0.365656316280365,0.37903591990470886
45,0.14627732330560683,0.2513035535812378,0.3748094439506531,0.2746225893497467,0.1580115407705307,0.3710162937641144,0.39692676067352295,0.4364548325538635,0.33140908647328615,0.24043266475200653,0.5366584062576294,0.40824732184410095,0.07490349560976028,0.6581064462661743,0.4347365200519562,0.41268640756607056
46,0.15166610717773438,0.2540116608142853,0.37836599349975586,0.27852845191955566,0.14069469273090363,0.3686971664428711,0.42185068130493164,0.4412113130092621,0.3115045788984459,0.23288774490356445,0.516616702079773,0.381366103887558,0.060093507170677185,0.6547154188156128,0.4589219093322754,0.46253398060798645
47,0.15058468344807624,0.2532954216003418,0.3780948519706726,0.2691347002983093,0.12365566194057465,0.3596954345703125,0.4075131118297577,0.4322626292705536,0.30821831775112796,0.22916826605796814,0.506932258605957,0.31617292761802673,0.05266912281513214,0.6663732528686523,0.4971030652523041,0.606835663318634
48,0.1361179118156433,0.24695584177970886,0.36292514204978943,0.26901352405548096,0.1791132539510727,0.3526594936847687,0.4015674293041229,0.40661951899528503,0.28848530900163144,0.22045423090457916,0.4837379455566406,0.29576173424720764,0.06980342417955399,0.7431553602218628,0.5057379603385925,0.4691619277000427
49,0.130997247248888,0.23863348364830017,0.35328808426856995,0.2638263404369354,0.1255551427602768,0.3385998606681824,0.38451895117759705,0.41689568758010864,0.32572139842578995,0.2242256999015808,0.5294910073280334,0.40846285223960876,0.11876514554023743,0.6541678309440613,0.46884429454803467,0.4358052611351013
50,0.13258631160855294,0.24454034864902496,0.3544321060180664,0.25876370072364807,0.1368742138147354,0.35872122645378113,0.39026427268981934,0.419195294380188,0.3370282703724045,0.25119534134864807,0.5444692373275757,0.4419703483581543,0.09960854053497314,0.6259374618530273,0.42319825291633606,0.41439196467399597
51,0.1304996413588524,0.23713335394859314,0.3534517288208008,0.2788189649581909,0.11900906264781952,0.3574034869670868,0.40271785855293274,0.43931323289871216,0.26829806969572717,0.1847158968448639,0.47421297430992126,0.3178691267967224,0.057367585599422455,0.702112078666687,0.4446725845336914,0.4582555592060089
52,0.13042059057950975,0.23942480981349945,0.354410856962204,0.2579796016216278,0.12986238300800323,0.33221837878227234,0.3711036741733551,0.39065825939178467,0.39093599712046295,0.2846026122570038,0.5942293405532837,0.5239683389663696,0.09648493677377701,0.5592195987701416,0.4205091595649719,0.4122353792190552
53,0.12152425828576088,0.22910724580287933,0.3408569097518921,0.21579474210739136,0.12742075324058533,0.2981593906879425,0.34517982602119446,0.35813674330711365,0.2569278293611625,0.19039559364318848,0.45490509271621704,0.30695998668670654,0.06656573712825775,0.7421234846115112,0.43138450384140015,0.4348832666873932
54,0.11927978229522705,0.22411677241325378,0.3394027352333069,0.23113682866096497,0.12290813028812408,0.3128678798675537,0.36125701665878296,0.3921239376068115,0.278059310799178,0.1982705146074295,0.46646830439567566,0.28926828503608704,0.06474502384662628,0.6895012259483337,0.5205166339874268,0.47930043935775757
55,0.12828730818629264,0.2374153584241867,0.3481208086013794,0.287366658449173,0.15344476699829102,0.373081773519516,0.4050050675868988,0.42912793159484863,0.2996341052393501,0.19582293927669525,0.49780622124671936,0.3213150203227997,0.05647546052932739,0.6867629289627075,0.44233542680740356,0.5219383835792542
56,0.13240639308094979,0.23933371901512146,0.3551018536090851,0.24853773415088654,0.13579623401165009,0.3341977000236511,0.3726387321949005,0.3834161162376404,0.2632168325452277,0.2050132006406784,0.47103244066238403,0.3479047119617462,0.08697446435689926,0.6677374243736267,0.4143579602241516,0.42390039563179016
57,0.12208276736736298,0.23365700244903564,0.34258905053138733,0.2479461282491684,0.12102603167295456,0.3275989592075348,0.3781883120536804,0.39047202467918396,0.29470194976490277,0.21492968499660492,0.49796387553215027,0.36869800090789795,0.06092894822359085,0.6584534049034119,0.38123199343681335,0.4340721666812897
58,0.11980041471123695,0.22879208624362946,0.34013280272483826,0.2574206590652466,0.1649145632982254,0.3318597078323364,0.39940690994262695,0.39047306776046753,0.2867403091110576,0.1933927685022354,0.487017959356308,0.3720604479312897,0.08771765232086182,0.658190131187439,0.37047821283340454,0.41550570726394653
59,0.1236944296360016,0.2316465526819229,0.34298476576805115,0.2432032823562622,0.13694608211517334,0.3097396492958069,0.36986422538757324,0.3908942937850952,0.28612425113813234,0.20378579199314117,0.49958521127700806,0.36611202359199524,0.0832989513874054,0.6526122689247131,0.3798345923423767,0.41724318265914917
60,0.11404353302717209,0.22269141674041748,0.33212292194366455,0.2524634897708893,0.16266852617263794,0.3229084312915802,0.37054282426834106,0.37349167466163635,0.3137118283372659,0.20899342000484467,0.5243373513221741,0.4145500063896179,0.08924106508493423,0.7002589106559753,0.4554545283317566,0.41359975934028625
61,0.10707991725206376,0.21962116658687592,0.3203861713409424,0.20905299484729767,0.12020836025476456,0.28272545337677,0.32103559374809265,0.3618197739124298,0.30975056493368286,0.22018660604953766,0.5193743705749512,0.41992664337158203,0.10157544910907745,0.6528550386428833,0.4126681983470917,0.38604941964149475
62,0.1097469976246357,0.21826757490634918,0.3235626220703125,0.23323951661586761,0.12649498879909515,0.3123586177825928,0.3553658425807953,0.37194469571113586,0.3418990863630405,0.2433329075574875,0.5459064841270447,0.456405371427536,0.0748237743973732,0.6708759069442749,0.4184452295303345,0.4311787486076355
63,0.10741571986675262,0.2187456339597702,0.31952381134033203,0.24102500081062317,0.13621176779270172,0.3111245632171631,0.36067917943000793,0.3804682791233063,0.301690227101342,0.1838536411523819,0.47182995080947876,0.25373777747154236,0.07168909907341003,0.8223861455917358,0.5246381163597107,0.4911559820175171
64,0.10422732949256897,0.21355602145195007,0.3169020712375641,0.23297077417373657,0.1398659199476242,0.3069054186344147,0.3454074561595917,0.3541008234024048,0.2990953675113045,0.21896913647651672,0.5094425082206726,0.38231217861175537,0.07439560443162918,0.7218464612960815,0.49239447712898254,0.39427250623703003
65,0.11275117552280425,0.2218828797340393,0.3284567594528198,0.21226263046264648,0.1309693157672882,0.29470470547676086,0.33613845705986023,0.35642513632774353,0.2630298096158255,0.18764005601406097,0.46459630131721497,0.29221630096435547,0.053863923996686935,0.7265071272850037,0.4717469811439514,0.47120290994644165
66,0.1110804405361414,0.22229406237602234,0.32534152269363403,0.2302936464548111,0.1365051567554474,0.30745169520378113,0.35495275259017944,0.38276806473731995,0.2826905370188447,0.20261625945568085,0.48253530263900757,0.31742292642593384,0.09037508070468903,0.7127434611320496,0.46805012226104736,0.47633063793182373
67,0.105345271140337,0.21647605299949646,0.31651338934898376,0.23480398952960968,0.16007843613624573,0.30644235014915466,0.34694117307662964,0.3721798062324524,0.4172420836985111,0.31253594160079956,0.6240965127944946,0.5292906761169434,0.08294064551591873,0.5851109027862549,0.4349483251571655,0.4569534659385681
68,0.10012671494483948,0.21211859583854675,0.31014135479927063,0.22669386863708496,0.1339246928691864,0.2920934855937958,0.3443000912666321,0.36227208375930786,0.28242469096753314,0.1853591650724411,0.4720516502857208,0.32496756315231323,0.0619514063000679,0.7024230360984802,0.46766817569732666,0.44482848048210144
69,0.10198562777042389,0.2124401330947876,0.3116316497325897,0.21836769580841064,0.11474452167749405,0.2843489944934845,0.32552090287208557,0.3437836766242981,0.30673674881780666,0.200499027967453,0.49849337339401245,0.2962571978569031,0.06525459885597229,0.7383530139923096,0.4780271351337433,0.5132186412811279
70,0.10663082015514373,0.21649618446826935,0.31878742575645447,0.2290218323469162,0.12666383385658264,0.3021995425224304,0.35266146063804626,0.3696838319301605,0.34028612679013837,0.2396848052740097,0.5526860356330872,0.4572708308696747,0.07474103569984436,0.5858057737350464,0.38039013743400574,0.4334912598133087
71,0.0994565840959549,0.21010269224643707,0.30698126554489136,0.21731582283973694,0.1268116980791092,0.27395978569984436,0.32997944951057434,0.3609359562397003,0.34919112637782324,0.23903191089630127,0.5553702116012573,0.4436016380786896,0.0933467224240303,0.6060545444488525,0.4096798598766327,0.3909396827220917
72,0.09415039166808128,0.20534150302410126,0.30039381980895996,0.21382173895835876,0.12377167493104935,0.26766133308410645,0.3264007270336151,0.33831799030303955,0.3006956842369758,0.18958687782287598,0.4778154790401459,0.2872064709663391,0.04048079624772072,0.7585421204566956,0.4560660719871521,0.5315962433815002
73,0.09858803138136864,0.20836766064167023,0.3069290220737457,0.22466449439525604,0.11856964230537415,0.292148232460022,0.35402777791023254,0.34737396240234375,0.31021072364483887,0.21138805150985718,0.5121649503707886,0.3710618317127228,0.09046448022127151,0.6981428861618042,0.4576606750488281,0.421688437461853
74,0.09022752833366394,0.2005474865436554,0.29380130767822266,0.19962836802005768,0.11273616552352905,0.26623499393463135,0.3139462471008301,0.3203239142894745,0.27079018255552423,0.18031014502048492,0.4755815267562866,0.3185250163078308,0.06470167636871338,0.7383893728256226,0.515705943107605,0.39259931445121765
75,0.09620982854068279,0.20364703238010406,0.3023189306259155,0.2084857076406479,0.10666827112436295,0.2661934196949005,0.31632956862449646,0.35960909724235535,0.28594984252077454,0.18213605880737305,0.4740098714828491,0.28199121356010437,0.0562230721116066,0.7658237814903259,0.5386132001876831,0.47329699993133545
76,0.0952670561671257,0.20548777282238007,0.3019410967826843,0.2220441997051239,0.12544570863246918,0.29445895552635193,0.33096444606781006,0.34081119298934937,0.27094746395372427,0.19608595967292786,0.4795222580432892,0.3494497835636139,0.08936277776956558,0.7006988525390625,0.41339948773384094,0.4306483566761017
77,0.0918755307495594,0.2054097205400467,0.2968866229057312,0.22647295892238617,0.13532552123069763,0.29779279232025146,0.32025763392448425,0.34938645362854004,0.2932144324116122,0.20290251076221466,0.4811094105243683,0.2728707492351532,0.06612518429756165,0.7374203205108643,0.5285418033599854,0.5117089152336121
78,0.09111234351992607,0.20338477194309235,0.2944414019584656,0.2140279859304428,0.12231317162513733,0.2673265337944031,0.32260265946388245,0.3643339276313782,0.286322975746141,0.19907918572425842,0.4924726188182831,0.3621025085449219,0.0832354873418808,0.7040083408355713,0.4764447808265686,0.47130724787712097
79,0.09632261615991593,0.20411080121994019,0.3037886321544647,0.20837518572807312,0.11540836095809937,0.26614537835121155,0.3317391872406006,0.34304580092430115,0.2825872341815669,0.22546008229255676,0.4864717125892639,0.34259355068206787,0.06969477236270905,0.6506309509277344,0.42694538831710815,0.46282002329826355
80,0.09233515185117722,0.20556387305259705,0.2974764108657837,0.2039559781551361,0.1251506358385086,0.2581155598163605,0.31747299432754517,0.35026416182518005,0.3359970487654209,0.22854015231132507,0.5364049673080444,0.40194419026374817,0.05448991432785988,0.6209049224853516,0.4004290699958801,0.489627867937088
81,0.09108897396922111,0.20073360204696655,0.29550760984420776,0.19516867399215698,0.11350768804550171,0.2502844035625458,0.3124333620071411,0.32265809178352356,0.3287929067961298,0.23587113618850708,0.5260552167892456,0.3558861315250397,0.07756108790636063,0.7393807172775269,0.4794584810733795,0.5188621282577515
82,0.08841415053606033,0.19988024234771729,0.29116857051849365,0.22037328779697418,0.09908445179462433,0.2859794795513153,0.3317164182662964,0.34565040469169617,0.3086776597998463,0.23147177696228027,0.5224705934524536,0.3845474421977997,0.08781571686267853,0.7082110643386841,0.43945011496543884,0.38230574131011963
83,0.08943811708688736,0.20189982652664185,0.2928970456123352,0.20429480075836182,0.12152598053216934,0.26036539673805237,0.3042805790901184,0.32176950573921204,0.30838563056805957,0.21817545592784882,0.515990674495697,0.3683322072029114,0.08573520183563232,0.7241243720054626,0.4600267708301544,0.4310688376426697
84,0.08956692537665367,0.20156662166118622,0.2924962341785431,0.21782109141349792,0.09707311540842056,0.2696175277233124,0.32300904393196106,0.34596961736679077,0.2948156830747254,0.19331584870815277,0.49331140518188477,0.3502539396286011,0.08874575793743134,0.7279325723648071,0.4320567846298218,0.4215046465396881
85,0.08007781028747558,0.19295546412467957,0.2770652174949646,0.1891298145055771,0.1097273901104927,0.2434065043926239,0.3010309934616089,0.32026004791259766,0.32756066207702345,0.22611846029758453,0.5410722494125366,0.4458225965499878,0.09962243586778641,0.6606429219245911,0.4358389973640442,0.3710426986217499
86,0.08216289587318898,0.19541123509407043,0.28183016180992126,0.1999519169330597,0.11597175896167755,0.25274738669395447,0.3180007338523865,0.3211965560913086,0.2750924174749973,0.17294761538505554,0.46258243918418884,0.310330331325531,0.08106192201375961,0.7768725752830505,0.4471440315246582,0.3986290693283081
87,0.08583116970956325,0.19826051592826843,0.28643426299095154,0.20178280770778656,0.0990791991353035,0.2602643668651581,0.30259931087493896,0.31795403361320496,0.3543008512888963,0.24993734061717987,0.5452946424484253,0.3546338379383087,0.09826160222291946,0.7124844193458557,0.5321606397628784,0.5430032014846802
88,0.07875578567385673,0.1921054869890213,0.27620089054107666,0.2200891524553299,0.11602447926998138,0.26576873660087585,0.3166327178478241,0.33614015579223633,0.28086517120783144,0.21333609521389008,0.4803982377052307,0.3148725628852844,0.0904196947813034,0.7685853242874146,0.5436978936195374,0.4202117919921875
89,0.0772700171917677,0.18752099573612213,0.2715347409248352,0.18674303591251373,0.09527047723531723,0.24317064881324768,0.28477880358695984,0.31057479977607727,0.27645601258756447,0.17186278104782104,0.471377432346344,0.2898617088794708,0.056604597717523575,0.7578004598617554,0.549843430519104,0.46003490686416626
90,0.08971377240121364,0.19727037847042084,0.29186171293258667,0.22332201898097992,0.11811288446187973,0.2624190151691437,0.3146083354949951,0.3497990369796753,0.26761110533754195,0.1804216355085373,0.4634566605091095,0.3091634511947632,0.06104518473148346,0.7157711386680603,0.47315752506256104,0.4329627454280853
91,0.08051621034741402,0.19138336181640625,0.278830349445343,0.18964727222919464,0.1210314929485321,0.23993809521198273,0.290615051984787,0.29982373118400574,0.36638464069423765,0.22097426652908325,0.5390415191650391,0.3586670160293579,0.0871029794216156,0.7497956156730652,0.5625182390213013,0.5558388233184814
92,0.08326545307040215,0.192323237657547,0.2821103036403656,0.1994883269071579,0.122255340218544,0.23844856023788452,0.29297903180122375,0.31276172399520874,0.28500798518339604,0.19622200727462769,0.49006029963493347,0.34244588017463684,0.08019392937421799,0.6820847988128662,0.4560180902481079,0.41644805669784546
93,0.07732277348637581,0.18863549828529358,0.2719465494155884,0.2211204618215561,0.12596264481544495,0.26069554686546326,0.32047900557518005,0.33371397852897644,0.2944679040228948,0.19317829608917236,0.4863320589065552,0.3272211253643036,0.09454365819692612,0.6849226355552673,0.526623010635376,0.42022383213043213
94,0.0794988511800766,0.19362136721611023,0.2750571072101593,0.21813644468784332,0.1000356525182724,0.2694075405597687,0.30895188450813293,0.33307644724845886,0.2996070095194647,0.23656783998012543,0.4823937714099884,0.27725592255592346,0.061765238642692566,0.7950286865234375,0.6269408464431763,0.5072351098060608
95,0.07411383077502251,0.1844666749238968,0.26580655574798584,0.185340017080307,0.10232168436050415,0.22161130607128143,0.27587759494781494,0.2995053231716156,0.2978911194950342,0.20585350692272186,0.5062665343284607,0.3918795883655548,0.0989781990647316,0.646406888961792,0.46574637293815613,0.35752072930336
96,0.07286814901232719,0.18392044305801392,0.26436859369277954,0.19701729714870453,0.10051607340574265,0.2464194893836975,0.28871917724609375,0.31103768944740295,0.291978365146161,0.1781391054391861,0.46837371587753296,0.2770002782344818,0.058421727269887924,0.7166418433189392,0.5655347108840942,0.4664451479911804
97,0.08097151042521,0.1905643790960312,0.2788672149181366,0.20398201048374176,0.12055688351392746,0.2428540140390396,0.30565592646598816,0.3204386234283447,0.28417339682793963,0.18703189492225647,0.4879450798034668,0.3554893732070923,0.10439641028642654,0.6503703594207764,0.4531939923763275,0.3720623254776001
98,0.0730170787870884,0.18478341400623322,0.26373106241226196,0.183271586894989,0.09452711790800095,0.22687897086143494,0.28628113865852356,0.3125477433204651,0.2983523428869935,0.20820102095603943,0.4972161650657654,0.3264174163341522,0.07283394783735275,0.6961477994918823,0.5637463927268982,0.4528598487377167
99,0.07530674743652344,0.18844754993915558,0.26799696683883667,0.20915517210960388,0.10050632804632187,0.2567282021045685,0.3027859628200531,0.3382984697818756,0.285817910559462,0.16707976162433624,0.4748031497001648,0.29711297154426575,0.070037841796875,0.7959960103034973,0.54642653465271,0.4434662461280823
100,0.07769896084070206,0.1930476576089859,0.27373605966567993,0.22503337264060974,0.10740495473146439,0.26548030972480774,0.3185666799545288,0.3357304632663727,0.29429908318874926,0.19817401468753815,0.4928644299507141,0.35677453875541687,0.07010357826948166,0.6603990793228149,0.4805566370487213,0.44414642453193665
101,0.07245660570263862,0.18504144251346588,0.26452285051345825,0.20618654787540436,0.09923665225505829,0.2508706748485565,0.29117071628570557,0.32825836539268494,0.2669461567957814,0.19931642711162567,0.45364540815353394,0.291206419467926,0.08578019589185715,0.6869049072265625,0.5212796330451965,0.4501543641090393
102,0.07639144945144653,0.18753214180469513,0.27040523290634155,0.2013423889875412,0.09367728978395462,0.24550428986549377,0.3061095178127289,0.32385358214378357,0.286864351015538,0.18463760614395142,0.4685499370098114,0.3123365640640259,0.05731704458594322,0.7560887932777405,0.495269775390625,0.4169708788394928
103,0.07459370689094066,0.18613030016422272,0.26624807715415955,0.21854174137115479,0.12269080430269241,0.25813615322113037,0.314875066280365,0.3174164593219757,0.3531639760789963,0.23702673614025116,0.5544158220291138,0.4195089042186737,0.09000507742166519,0.6061360239982605,0.43792617321014404,0.37398675084114075
104,0.07595114623010159,0.18747155368328094,0.2688926160335541,0.2247970551252365,0.10243573784828186,0.2599520981311798,0.3182002902030945,0.3400740623474121,0.4321017735906375,0.2230157107114792,0.5506953597068787,0.21277472376823425,0.07402951270341873,0.7874675989151001,0.6165968775749207,0.7371650338172913
105,0.07152419717609883,0.18088270723819733,0.26071155071258545,0.1904708296060562,0.1139230877161026,0.23643778264522552,0.2684718370437622,0.29878002405166626,0.36358554125763476,0.23013541102409363,0.5435159802436829,0.36129653453826904,0.047352153807878494,0.6923342943191528,0.4333410859107971,0.5763340592384338
106,0.07660734140872956,0.18709036707878113,0.26977187395095825,0.21561568975448608,0.12256646901369095,0.25479787588119507,0.3107658326625824,0.3272465765476227,0.27982561487274676,0.1757858246564865,0.4558368921279907,0.27844101190567017,0.07989794760942459,0.7899457216262817,0.5250097513198853,0.4125107228755951
107,0.07314121662080288,0.182144895195961,0.26428622007369995,0.18538758158683777,0.08221917599439621,0.22483602166175842,0.2755752205848694,0.30664774775505066,0.3228503972148666,0.20946530997753143,0.5170586109161377,0.3556099534034729,0.05805031210184097,0.724358856678009,0.5164374113082886,0.4579089283943176
108,0.07526663236320019,0.18635621666908264,0.2676023542881012,0.19625496864318848,0.10377514362335205,0.23677211999893188,0.29990124702453613,0.312137246131897,0.2898309961444913,0.18877576291561127,0.4846344292163849,0.3482447862625122,0.07991670817136765,0.6607295274734497,0.4616347849369049,0.3950044512748718
109,0.0748111212849617,0.18479077517986298,0.26726627349853516,0.19565190374851227,0.10956019163131714,0.23381546139717102,0.28143319487571716,0.304761677980423,0.31724966081898087,0.17063389718532562,0.4747941792011261,0.25507453083992004,0.03387926518917084,0.8101165294647217,0.6082590818405151,0.506812334060669
110,0.07128535571694374,0.1800588220357895,0.2608228325843811,0.1825914978981018,0.08839160948991776,0.22775782644748688,0.2671264111995697,0.30056241154670715,0.3066477610443074,0.18719804286956787,0.49408090114593506,0.32201385498046875,0.061236970126628876,0.7203532457351685,0.4832361936569214,0.48647964000701904
111,0.06434309861063957,0.17667697370052338,0.24905699491500854,0.1832932084798813,0.10138847678899765,0.23497439920902252,0.2794289290904999,0.3077952563762665,0.2701111541335614,0.1750808209180832,0.4586946666240692,0.2844467759132385,0.0867699682712555,0.7179151773452759,0.530032753944397,0.4022755026817322
112,0.0626011120826006,0.17151407897472382,0.24551475048065186,0.19705036282539368,0.09745671600103378,0.23815181851387024,0.2866950035095215,0.31316158175468445,0.34889806448840177,0.21618084609508514,0.5124576091766357,0.3078722655773163,0.07905519008636475,0.7395554780960083,0.4538666009902954,0.6030884981155396
113,0.06939791388809681,0.17973127961158752,0.257398396730423,0.1942855417728424,0.10405844449996948,0.2272426187992096,0.2775309383869171,0.30296242237091064,0.28345366646177494,0.2079186588525772,0.4809766411781311,0.3305550217628479,0.07061789929866791,0.7342344522476196,0.5853777527809143,0.4041476547718048
114,0.06698808966577054,0.17759664356708527,0.25198572874069214,0.17902874946594238,0.0904032289981842,0.21443603932857513,0.26749005913734436,0.29602470993995667,0.2882254868074177,0.17811721563339233,0.48633554577827454,0.3451268970966339,0.09087356925010681,0.6810902953147888,0.47595661878585815,0.3622368574142456
115,0.06606135673820973,0.17607074975967407,0.24988137185573578,0.19302931427955627,0.08934319019317627,0.2288978397846222,0.27814462780952454,0.3026096522808075,0.3494898280701958,0.22522465884685516,0.5460231304168701,0.4080076813697815,0.07978499680757523,0.6445469260215759,0.4803244471549988,0.4536750614643097
116,0.062839180752635,0.17223411798477173,0.24549219012260437,0.1818225085735321,0.09501089155673981,0.20696796476840973,0.2691420614719391,0.3048861026763916,0.3431429070322058,0.19788482785224915,0.5213289856910706,0.32889702916145325,0.045236170291900635,0.7423355579376221,0.5599089860916138,0.5642524361610413
117,0.07465075868368148,0.1800277680158615,0.2666124701499939,0.18916785717010498,0.09924694150686264,0.22168771922588348,0.291754812002182,0.3160281181335449,0.2777718019743378,0.16894640028476715,0.4742458462715149,0.2889990508556366,0.054095759987831116,0.7569060921669006,0.515154242515564,0.45163923501968384
118,0.0732747846096754,0.18023379147052765,0.2630990743637085,0.20215816795825958,0.10822530835866928,0.23787958920001984,0.2816166281700134,0.30271652340888977,0.39723787943904215,0.26025649905204773,0.5940202474594116,0.5086214542388916,0.09767398238182068,0.6548590064048767,0.3940819501876831,0.4902300536632538
119,0.06026384642720223,0.16960781812667847,0.24132606387138367,0.1898742914199829,0.08122960478067398,0.2179708033800125,0.26592299342155457,0.29714465141296387,0.31540489253194,0.20539551973342896,0.505760669708252,0.3333316147327423,0.06055660545825958,0.7293106317520142,0.4667612612247467,0.4734345078468323
120,0.06797287286818028,0.17855699360370636,0.25592923164367676,0.20406608283519745,0.11482056975364685,0.23955446481704712,0.2758263945579529,0.30373039841651917,0.2948434129357338,0.1905694305896759,0.47368547320365906,0.2904328405857086,0.054839856922626495,0.7505248785018921,0.473388671875,0.4494456946849823
121,0.0665447102189064,0.17532335221767426,0.25249478220939636,0.1895418018102646,0.08959796279668808,0.22145046293735504,0.28080886602401733,0.2933477461338043,0.35461947751732975,0.22395162284374237,0.549463152885437,0.4355543255805969,0.07852493971586227,0.6570318937301636,0.4344218075275421,0.41421937942504883
122,0.06506113538146019,0.17464180290699005,0.24977895617485046,0.18819600343704224,0.09943012148141861,0.2189013659954071,0.27377259731292725,0.3032415807247162,0.35259115109847,0.22508540749549866,0.5437964797019958,0.3852936923503876,0.08115804195404053,0.5955386161804199,0.42250293493270874,0.5178022980690002
123,0.06636961664259433,0.17455017566680908,0.25009968876838684,0.1895429939031601,0.0918469950556755,0.2296430766582489,0.27695631980895996,0.3115846812725067,0.25511015775219464,0.1740625500679016,0.4439981281757355,0.29056817293167114,0.0700010433793068,0.7182210683822632,0.4565969705581665,0.3771618604660034
124,0.06738628748059272,0.17743776738643646,0.25459086894989014,0.18284428119659424,0.09576419740915298,0.22335222363471985,0.267733097076416,0.30971261858940125,0.2793897431178126,0.17361102998256683,0.47021690011024475,0.29916852712631226,0.07641539722681046,0.7501834630966187,0.4801257252693176,0.45268312096595764
125,0.06264089488983154,0.16973428428173065,0.2445662021636963,0.1919800192117691,0.09403973072767258,0.2286304533481598,0.26947298645973206,0.2931922972202301,0.31010136891675827,0.2038700431585312,0.5029520392417908,0.31342455744743347,0.04147091880440712,0.7600317001342773,0.4504320025444031,0.5139842629432678
126,0.06518143750727176,0.17563293874263763,0.24893499910831451,0.1750541627407074,0.09259098023176193,0.2091301828622818,0.25539082288742065,0.29007717967033386,0.4004141569065933,0.24534158408641815,0.565880537033081,0.34749510884284973,0.05852696672081947,0.798150897026062,0.45381006598472595,0.6185519099235535
127,0.06670321480929851,0.17750349640846252,0.2516416609287262,0.1829451620578766,0.0881907120347023,0.22151409089565277,0.2716809809207916,0.29697057604789734,0.29480547862700546,0.19972531497478485,0.48485785722732544,0.3210608661174774,0.07926472276449203,0.6850330829620361,0.43568021059036255,0.45118507742881775
128,0.06374195104837417,0.17224356532096863,0.24720129370689392,0.17892158031463623,0.08894514292478561,0.21288004517555237,0.27384310960769653,0.29841580986976624,0.2852109811053826,0.19911235570907593,0.487575888633728,0.3381354510784149,0.06291230767965317,0.7067009806632996,0.4622882008552551,0.40794771909713745
129,0.06530028167366982,0.17237859964370728,0.24712011218070984,0.19096387922763824,0.08660255372524261,0.219284325838089,0.2594422698020935,0.3109876811504364,0.2891845362834059,0.18625828623771667,0.4918786585330963,0.3411673307418823,0.05911829695105553,0.7088342308998108,0.4969680607318878,0.4227663576602936
130,0.05960022881627083,0.1671604961156845,0.23914006352424622,0.17296218872070312,0.08620718866586685,0.2073403149843216,0.25917452573776245,0.2866488993167877,0.2841087874123612,0.18157009780406952,0.4607534110546112,0.24444301426410675,0.05288542062044144,0.8243871331214905,0.5464479923248291,0.4182106852531433
131,0.06337353748083115,0.1709844172000885,0.24503570795059204,0.17427152395248413,0.09359019994735718,0.1973605751991272,0.2613633871078491,0.27711221575737,0.3029074741453559,0.18271511793136597,0.4961337745189667,0.33286720514297485,0.08749328553676605,0.7634621262550354,0.4419839084148407,0.3709632456302643
132,0.060970391124486926,0.1683282107114792,0.24045829474925995,0.17129147052764893,0.09282492101192474,0.20039698481559753,0.26067206263542175,0.2785177230834961,0.31703265201157105,0.20681296288967133,0.515166699886322,0.38679251074790955,0.0847376212477684,0.6801509857177734,0.39414411783218384,0.440290629863739
133,0.06376443223655223,0.17139065265655518,0.246876522898674,0.18654979765415192,0.09635739028453827,0.21096427738666534,0.27224665880203247,0.29478704929351807,0.4520678829688292,0.3018597364425659,0.6387975215911865,0.556907594203949,0.0635596215724945,0.6304963231086731,0.4137118458747864,0.5137987732887268
134,0.058943929806351665,0.16697493195533752,0.23673634231090546,0.17105825245380402,0.10390470176935196,0.2049589306116104,0.25536438822746277,0.279844731092453,0.29797593627322033,0.18829819560050964,0.4894609749317169,0.3211892247200012,0.0836259052157402,0.7545471787452698,0.5363215804100037,0.41085222363471985
135,0.06507985337078571,0.17022642493247986,0.24937383830547333,0.17625084519386292,0.0870680958032608,0.20351111888885498,0.26726260781288147,0.2961791157722473,0.3214316200464964,0.20050331950187683,0.5179008841514587,0.3472958207130432,0.08103788644075394,0.6837635040283203,0.447541743516922,0.5228039622306824
136,0.061599097430706025,0.1726754605770111,0.2422579973936081,0.17817391455173492,0.09655719250440598,0.20094111561775208,0.2591290771961212,0.2831762135028839,0.30195668719646235,0.18595455586910248,0.49292027950286865,0.31321364641189575,0.0653315931558609,0.7791775465011597,0.4941738545894623,0.3995662033557892
137,0.06268376798927784,0.17177686095237732,0.24465525150299072,0.18547458946704865,0.09019655734300613,0.2146979570388794,0.25824102759361267,0.2917940616607666,0.33523226037281206,0.19376729428768158,0.5013511776924133,0.29814690351486206,0.08099997788667679,0.7739607691764832,0.504246175289154,0.4851085841655731
138,0.059131981611251834,0.16591155529022217,0.23674702644348145,0.1770889163017273,0.08543841540813446,0.19982244074344635,0.2589810788631439,0.29774463176727295,0.3497509187481438,0.21458077430725098,0.5404033064842224,0.3655361831188202,0.07571543008089066,0.6755465269088745,0.4570223093032837,0.5534288883209229
139,0.05820434714853764,0.16713030636310577,0.23580098152160645,0.19736924767494202,0.10499257594347,0.2152244597673416,0.27918967604637146,0.2943059504032135,0.38969881712602306,0.24110153317451477,0.5663893818855286,0.3949959874153137,0.06767117232084274,0.6288408041000366,0.3929912745952606,0.5899394750595093
140,0.058452423840761186,0.16800981760025024,0.2374803125858307,0.18581938743591309,0.10948145389556885,0.20973975956439972,0.26598984003067017,0.28822746872901917,0.3111147677868408,0.17735405266284943,0.4692395329475403,0.20678870379924774,0.06864907592535019,0.7704505324363708,0.594265341758728,0.5055177211761475
141,0.058703144609928135,0.16847030818462372,0.23627398908138275,0.18896661698818207,0.10124965012073517,0.20637264847755432,0.2667582631111145,0.3061208128929138,0.2775987345846191,0.1914709359407425,0.4741687476634979,0.33581843972206116,0.05842012166976929,0.6543347835540771,0.3968835175037384,0.47847551107406616
142,0.05939412611722946,0.1668774038553238,0.23846948146820068,0.1768037974834442,0.09185978025197983,0.20471204817295074,0.25129857659339905,0.2843480706214905,0.30779798987966317,0.18759466707706451,0.4981134533882141,0.3516254723072052,0.05506187304854393,0.6751236319541931,0.48334306478500366,0.541358232498169
143,0.061273731350898746,0.16581648588180542,0.23885028064250946,0.19144731760025024,0.09908892214298248,0.21146449446678162,0.26002445816993713,0.2966114282608032,0.37878474390778977,0.22517304122447968,0.5297915935516357,0.2878306210041046,0.0674540102481842,0.8116124272346497,0.5482658743858337,0.6326891183853149
144,0.05616412380337715,0.16153985261917114,0.23107904195785522,0.18487513065338135,0.0779350996017456,0.20406284928321838,0.2481403350830078,0.29469627141952515,0.2712440834326956,0.18688887357711792,0.4619351923465729,0.3102579414844513,0.0621887631714344,0.7443574666976929,0.45607203245162964,0.414324551820755
145,0.05708151203393936,0.1651017963886261,0.23363031446933746,0.17849954962730408,0.08664670586585999,0.20151513814926147,0.2540089786052704,0.2907531261444092,0.39818271532511484,0.23677076399326324,0.5618604421615601,0.4195815622806549,0.07852485775947571,0.7400051951408386,0.496288001537323,0.6215114593505859
146,0.05665889197587967,0.16346004605293274,0.23315759003162384,0.17709627747535706,0.07934506237506866,0.20591771602630615,0.24696184694766998,0.2827676832675934,0.27834608098223373,0.17442937195301056,0.45629140734672546,0.27049705386161804,0.09351244568824768,0.7968631386756897,0.5854755640029907,0.4055951237678528
147,0.05697129820287228,0.16664519906044006,0.2337837666273117,0.193354070186615,0.09182305634021759,0.21346983313560486,0.2722834646701813,0.2892427146434784,0.3756318903313233,0.2722151577472687,0.5855594277381897,0.5080960988998413,0.09182417392730713,0.617628812789917,0.4437214434146881,0.34082555770874023
148,0.06603212836384774,0.1709027886390686,0.24771305918693542,0.18799778819084167,0.0947304368019104,0.21002787351608276,0.2670799195766449,0.2994994521141052,0.3183401439589663,0.19336628913879395,0.5115799307823181,0.34695976972579956,0.08340172469615936,0.750688910484314,0.44912874698638916,0.46575993299484253
149,0.05610695260763168,0.16344936192035675,0.23168189823627472,0.17923156917095184,0.06782384216785431,0.19727790355682373,0.2539905905723572,0.27785757184028625,0.30480014253407717,0.22021757066249847,0.5018991231918335,0.33672988414764404,0.08857171982526779,0.7450273036956787,0.42624419927597046,0.4707854092121124
150,0.05555448228120804,0.16267657279968262,0.23086276650428772,0.1744631975889206,0.08659852296113968,0.19473955035209656,0.25214725732803345,0.2838040292263031,0.2996316898710435,0.17695391178131104,0.48489269614219666,0.2955363392829895,0.07459361106157303,0.7984113097190857,0.45473507046699524,0.4835045039653778
151,0.06063157300651074,0.16707412898540497,0.24034200608730316,0.18243709206581116,0.09405436366796494,0.19447587430477142,0.2399040162563324,0.28091320395469666,0.2989083349955483,0.21606917679309845,0.5044927000999451,0.401591420173645,0.09086360037326813,0.6498631238937378,0.42560628056526184,0.38055387139320374
152,0.05144230596721172,0.16102613508701324,0.223165363073349,0.18909697234630585,0.09262855350971222,0.20479963719844818,0.2503388226032257,0.2817416787147522,0.36914659701645947,0.24127231538295746,0.5392280220985413,0.32123926281929016,0.07539959251880646,0.7054856419563293,0.5169636011123657,0.5810312032699585
153,0.05576820412278175,0.16131338477134705,0.2301497608423233,0.17899465560913086,0.09457380324602127,0.19838251173496246,0.2605600953102112,0.2804640531539917,0.32820484902073915,0.17619897425174713,0.48198893666267395,0.23024538159370422,0.08667559176683426,0.8240317106246948,0.5822669863700867,0.5557352900505066
154,0.05036810703575611,0.15529927611351013,0.2198931872844696,0.1728360652923584,0.09437500685453415,0.18998202681541443,0.24561519920825958,0.2930010259151459,0.2822796027892484,0.168254092335701,0.4543798863887787,0.2841368615627289,0.0653526782989502,0.7064505815505981,0.3877924382686615,0.5138953924179077
155,0.05296990191936493,0.15904636681079865,0.2252168208360672,0.16819381713867188,0.08648219704627991,0.18810299038887024,0.24227532744407654,0.2642567753791809,0.27283187705213024,0.16025076806545258,0.45539185404777527,0.2543116509914398,0.08271262049674988,0.7451215982437134,0.5394103527069092,0.4249018132686615
156,0.05517137913405895,0.16234590113162994,0.22934602200984955,0.1743713915348053,0.09345625340938568,0.19530218839645386,0.2580263316631317,0.2863491475582123,0.2752952593159884,0.1608584076166153,0.45692580938339233,0.23494164645671844,0.08814217150211334,0.786194384098053,0.5350003838539124,0.42348209023475647
157,0.060568972408771515,0.1691836416721344,0.2401384562253952,0.1776566505432129,0.07724121958017349,0.20167268812656403,0.25887423753738403,0.2878810465335846,0.3585521381778213,0.2413938343524933,0.566898763179779,0.48631662130355835,0.08778103440999985,0.5890186429023743,0.3619682490825653,0.41759994626045227
158,0.056095351487398144,0.16214855015277863,0.22924698889255524,0.17104259133338928,0.09296029806137085,0.1937381774187088,0.25357434153556824,0.2941720187664032,0.31100437299196176,0.1914958655834198,0.4767967462539673,0.27173084020614624,0.08410799503326416,0.6852200031280518,0.43184521794319153,0.509168803691864
159,0.05565075378119946,0.1616373211145401,0.23068371415138245,0.1822272539138794,0.08422461152076721,0.20464757084846497,0.2586989104747772,0.2927885055541992,0.37111933568779093,0.2418326735496521,0.5249887108802795,0.3251652121543884,0.0836220234632492,0.7953051328659058,0.5352125763893127,0.5740970373153687
160,0.05803320807218552,0.1648930460214615,0.23489978909492493,0.18305343389511108,0.08947648853063583,0.20788219571113586,0.24739481508731842,0.29412660002708435,0.46839662526662534,0.30605363845825195,0.6571825742721558,0.5434236526489258,0.09116021543741226,0.6462163329124451,0.3940984010696411,0.49961692094802856
161,0.05345517748594284,0.16105012595653534,0.22719712555408478,0.18318499624729156,0.09767991304397583,0.20053279399871826,0.25254732370376587,0.2930700480937958,0.301104987729699,0.18258044123649597,0.4856899082660675,0.3050975501537323,0.07132541388273239,0.7774600982666016,0.4964923858642578,0.39440983533859253
162,0.057801443606615065,0.16177448630332947,0.23432332277297974,0.17615485191345215,0.08446219563484192,0.19318453967571259,0.2523588538169861,0.2852957248687744,0.39120017138506785,0.20268818736076355,0.5301179885864258,0.2516847848892212,0.0649038627743721,0.7976247072219849,0.5431158542633057,0.6767994165420532
163,0.05805978386104107,0.1647322177886963,0.23340745270252228,0.17694275081157684,0.07563526183366776,0.1865864247083664,0.24845419824123383,0.2862789034843445,0.2935130241206095,0.1730050891637802,0.4731830060482025,0.2712632715702057,0.04599975049495697,0.7476730346679688,0.4134027063846588,0.46741241216659546
164,0.05376700785756111,0.160532608628273,0.22695326805114746,0.16397212445735931,0.07944410294294357,0.17949847877025604,0.2346409559249878,0.2658691704273224,0.29022674007753196,0.17950382828712463,0.46145206689834595,0.2420206069946289,0.07326722890138626,0.8315191268920898,0.5561876893043518,0.47881200909614563
165,0.06551596334576607,0.1701105684041977,0.2480287402868271,0.20093029737472534,0.09558838605880737,0.2219829112291336,0.27433061599731445,0.30197951197624207,0.37893535375881654,0.23231519758701324,0.5482807159423828,0.38114768266677856,0.0813322439789772,0.6867659687995911,0.5105246305465698,0.49905651807785034
166,0.05636830238997936,0.16310204565525055,0.23077650368213654,0.18731114268302917,0.08860130608081818,0.20028100907802582,0.2507639229297638,0.27496740221977234,0.27053724977975857,0.2135184109210968,0.4560525715351105,0.3003710210323334,0.08406317979097366,0.7405027747154236,0.4919435679912567,0.4106666147708893
167,0.05639103870093822,0.1610153168439865,0.23236925899982452,0.1775214672088623,0.0814109519124031,0.19384317100048065,0.2512384355068207,0.2913911044597626,0.293708026121469,0.16873252391815186,0.4583023488521576,0.27875757217407227,0.082765132188797,0.7122571468353271,0.49066734313964844,0.4384889602661133
168,0.060515926986932755,0.16272008419036865,0.23882940411567688,0.17208261787891388,0.06250250339508057,0.19296760857105255,0.2324237823486328,0.2695423364639282,0.4250745988236024,0.2733258306980133,0.6068923473358154,0.4490317702293396,0.09200721234083176,0.649776816368103,0.466741681098938,0.5915381908416748
169,0.058687619775533675,0.16368110477924347,0.23403361439704895,0.17596711218357086,0.09441069513559341,0.19313791394233704,0.24469667673110962,0.28462088108062744,0.32212726999289143,0.22388635575771332,0.49527856707572937,0.31251901388168335,0.05103381723165512,0.6947948932647705,0.5413886308670044,0.5197062492370605
170,0.05385508601367474,0.1564076840877533,0.2266697883605957,0.17504432797431946,0.07215730845928192,0.1943441778421402,0.24255870282649994,0.26495468616485596,0.2772766857182992,0.1602792739868164,0.4499737620353699,0.2713524401187897,0.04056701809167862,0.7569445371627808,0.43169718980789185,0.4426446259021759
171,0.050453016519546506,0.15833428502082825,0.22129328548908234,0.17267493903636932,0.07869813591241837,0.19039811193943024,0.23864200711250305,0.2785334289073944,0.2980728245814904,0.1887706071138382,0.4847147762775421,0.30778825283050537,0.06825009733438492,0.7253938317298889,0.5188153386116028,0.4327647089958191
172,0.0500136853158474,0.15470623970031738,0.21721984446048737,0.166111022233963,0.07195442169904709,0.17639373242855072,0.23635534942150116,0.26424458622932434,0.29868772659952253,0.19833239912986755,0.49985429644584656,0.3378756642341614,0.07418407499790192,0.7127293348312378,0.5045320987701416,0.4216267168521881
173,0.04721404108405113,0.15384900569915771,0.21167804300785065,0.16398383677005768,0.06904594600200653,0.1782848834991455,0.22901825606822968,0.258693665266037,0.27358480091117177,0.1614956259727478,0.46620991826057434,0.28704360127449036,0.055624548345804214,0.7908536195755005,0.5409373641014099,0.3983510732650757
174,0.05120258671045303,0.15725740790367126,0.2201741635799408,0.17102502286434174,0.08413921296596527,0.18313448131084442,0.23254810273647308,0.2674007713794708,0.2606493640095533,0.16049854457378387,0.4514042139053345,0.2794795334339142,0.0604044571518898,0.7773723006248474,0.5134603977203369,0.3953343629837036
175,0.049038028463721274,0.15555177628993988,0.21664708852767944,0.1648673713207245,0.06787684559822083,0.178364098072052,0.22463297843933105,0.26929667592048645,0.2891815416962625,0.19188342988491058,0.46754997968673706,0.26141732931137085,0.08836711198091507,0.8109936118125916,0.5726341009140015,0.42614996433258057
176,0.050219704911112786,0.15429918467998505,0.21797950565814972,0.17453725636005402,0.07967321574687958,0.19346584379673004,0.23292604088783264,0.27022984623908997,0.2767108410749083,0.1843021959066391,0.46907588839530945,0.3235737681388855,0.08043280243873596,0.7001820802688599,0.35789409279823303,0.40450814366340637
177,0.05543779967725277,0.1610540896654129,0.22838588058948517,0.16493582725524902,0.07015980780124664,0.18914969265460968,0.23725464940071106,0.27242207527160645,0.2714690549675232,0.1708034873008728,0.4570315182209015,0.2954510450363159,0.055567242205142975,0.6874544620513916,0.42315414547920227,0.4522644579410553
178,0.049973583728075026,0.1550319939851761,0.21757136285305023,0.16166920959949493,0.07501637935638428,0.17807626724243164,0.22383050620555878,0.26837339997291565,0.2541945789623871,0.15208320319652557,0.43838924169540405,0.28286677598953247,0.061880674213171005,0.7546077966690063,0.38847243785858154,0.3705272376537323
179,0.05100057309865952,0.15630097687244415,0.21978701651096344,0.17641757428646088,0.07319676131010056,0.18925879895687103,0.2562808394432068,0.2704164385795593,0.2842254218502113,0.1945096105337143,0.48538726568222046,0.3435031473636627,0.06944412738084793,0.6872227787971497,0.4163331389427185,0.39605042338371277
180,0.054725935354828836,0.1619529277086258,0.22749923169612885,0.17318809032440186,0.0676894262433052,0.19281865656375885,0.25426366925239563,0.27859070897102356,0.28664683691637877,0.17139482498168945,0.4735354781150818,0.2986951172351837,0.04944757744669914,0.7158001661300659,0.45230117440223694,0.4432627558708191
181,0.055420009195804594,0.15854954719543457,0.22795124351978302,0.1789262592792511,0.07291135936975479,0.18560202419757843,0.24251258373260498,0.2714439928531647,0.47890516399190974,0.3029882311820984,0.6567109227180481,0.49239856004714966,0.09724084287881851,0.6572890877723694,0.4159044921398163,0.48965418338775635
182,0.05373175396025181,0.15645338594913483,0.22614355385303497,0.17224155366420746,0.06476802378892899,0.1806907057762146,0.2350059151649475,0.2752528786659241,0.33065512111016476,0.1966295838356018,0.5158687829971313,0.3150509297847748,0.07314770668745041,0.675813615322113,0.48864713311195374,0.4952589273452759
183,0.050707437187433244,0.15649351477622986,0.21880879998207092,0.1726100742816925,0.06774396449327469,0.19122515618801117,0.23108841478824615,0.261032372713089,0.3010009171154637,0.22116322815418243,0.4791027307510376,0.29362618923187256,0.09048689156770706,0.7711658477783203,0.5383270382881165,0.45649006962776184
184,0.05388630312681198,0.15738064050674438,0.22534070909023285,0.18259984254837036,0.08826110512018204,0.2038063406944275,0.24348293244838715,0.29473790526390076,0.30557405420292455,0.19437499344348907,0.47804000973701477,0.2518615424633026,0.06617987900972366,0.7793322205543518,0.6397020816802979,0.4666866958141327
185,0.049263530537486076,0.15266220271587372,0.21690182387828827,0.1820642203092575,0.08090337365865707,0.19916163384914398,0.2519390881061554,0.26470088958740234,0.2881691543600307,0.17059612274169922,0.47318679094314575,0.2823159694671631,0.09754160046577454,0.7248863577842712,0.5433879494667053,0.40508654713630676
186,0.04716051281988621,0.15214554965496063,0.2126811146736145,0.1528605967760086,0.0684184730052948,0.1677163690328598,0.21206650137901306,0.24909138679504395,0.3334795873468885,0.20040801167488098,0.5072547197341919,0.33337828516960144,0.09541742503643036,0.6656274199485779,0.5497034788131714,0.5139399170875549
187,0.04795244263112545,0.15274947881698608,0.21442599594593048,0.17493204772472382,0.07800336927175522,0.18935057520866394,0.23775021731853485,0.28070199489593506,0.3432644412566263,0.20689649879932404,0.5106655359268188,0.3161153197288513,0.0796399638056755,0.6922563314437866,0.46098804473876953,0.5854583978652954
188,0.05181099310517311,0.1545182764530182,0.22153981029987335,0.1741083413362503,0.07830515503883362,0.18072906136512756,0.24268923699855804,0.27466294169425964,0.32019211746788084,0.1910502165555954,0.5010717511177063,0.3539935350418091,0.11028129607439041,0.6366010308265686,0.5008102059364319,0.47893303632736206
189,0.0559117611348629,0.1585579365491867,0.22883588075637817,0.18521498143672943,0.07430465519428253,0.19913466274738312,0.24446755647659302,0.27184033393859863,0.3428839249178194,0.21229174733161926,0.5336123704910278,0.37771257758140564,0.1092286929488182,0.6606601476669312,0.4580957591533661,0.4062482416629791
190,0.05277252006530762,0.15494604408740997,0.22351083159446716,0.1778063327074051,0.09858058393001556,0.18717847764492035,0.24370676279067993,0.2650848627090454,0.3355114978039637,0.18597684800624847,0.5121480822563171,0.28080126643180847,0.08563605695962906,0.8331331610679626,0.5643105506896973,0.5060103535652161
191,0.05612544322013855,0.15764349699020386,0.2289683222770691,0.1772833615541458,0.07932588458061218,0.18742913007736206,0.24135850369930267,0.2746661305427551,0.42735593536725414,0.24893493950366974,0.5965713858604431,0.36390310525894165,0.10274218022823334,0.6671375632286072,0.49439188838005066,0.6401795744895935
192,0.05081793506443501,0.15479311347007751,0.22015328705310822,0.17607641220092773,0.06458555907011032,0.18794523179531097,0.24272923171520233,0.2783549726009369,0.3502540736674116,0.2317402958869934,0.5393485426902771,0.3616338074207306,0.10430608689785004,0.668855607509613,0.48038992285728455,0.5103554725646973
193,0.049079023122787474,0.15265807509422302,0.2169256955385208,0.18056949973106384,0.0799296572804451,0.19420716166496277,0.2377491146326065,0.27186810970306396,0.3023672750792824,0.183533176779747,0.4973492920398712,0.3444879949092865,0.09951368719339371,0.7391919493675232,0.4539910852909088,0.4084866940975189
194,0.051363696366548535,0.15409143269062042,0.21934343874454498,0.1629706472158432,0.07482428848743439,0.17978695034980774,0.23640333116054535,0.2559889853000641,0.271645326525546,0.2157088965177536,0.47136804461479187,0.3075283169746399,0.08665625751018524,0.7964057326316833,0.46417802572250366,0.3898707628250122
195,0.04844526793062687,0.1522272229194641,0.21463075280189514,0.17743198573589325,0.08475591987371445,0.18900258839130402,0.2414425015449524,0.2703988552093506,0.2782008473116618,0.18029358983039856,0.4760834276676178,0.3116515576839447,0.10540687292814255,0.7582105994224548,0.5265616774559021,0.35502713918685913
196,0.04703106011450291,0.15250614285469055,0.212764710187912,0.18581318855285645,0.08520348370075226,0.20270030200481415,0.2504733204841614,0.29691261053085327,0.2585377430077642,0.16103245317935944,0.46084877848625183,0.30477407574653625,0.07464966177940369,0.7210810780525208,0.4426144063472748,0.36693239212036133
197,0.04694945342838764,0.15087401866912842,0.2120204120874405,0.15773898363113403,0.06459791213274002,0.17177437245845795,0.22653286159038544,0.25992199778556824,0.31018417483853855,0.17262087762355804,0.4825683832168579,0.24303926527500153,0.09518291056156158,0.758138120174408,0.5270561575889587,0.5138000845909119
198,0.0477248895317316,0.15287064015865326,0.21380743384361267,0.1760510802268982,0.0708359032869339,0.1905491054058075,0.24112364649772644,0.2651293873786926,0.32315182116984104,0.1838444173336029,0.4934679865837097,0.24840384721755981,0.05946790799498558,0.7723532915115356,0.5926717519760132,0.5563838481903076
199,0.053476699084043504,0.15457618236541748,0.22488534450531006,0.186253622174263,0.06854625046253204,0.19713358581066132,0.2348412126302719,0.2738806903362274,0.3102230637495478,0.17771142721176147,0.4909103512763977,0.3138048052787781,0.09793159365653992,0.750130295753479,0.5735582709312439,0.4253171384334564
200,0.053101388290524486,0.1559121459722519,0.22343020141124725,0.19083157181739807,0.08102536201477051,0.19904828071594238,0.2511862516403198,0.2909279465675354,0.3216016842589642,0.21865428984165192,0.5358754396438599,0.44815191626548767,0.13239261507987976,0.5990177392959595,0.34483954310417175,0.28678208589553833
201,0.05176306632161141,0.15709197521209717,0.22320477664470673,0.1795404702425003,0.07273133099079132,0.19464029371738434,0.24059300124645233,0.2952650487422943,0.37999761796583276,0.20991474390029907,0.5299017429351807,0.2625439167022705,0.06100861728191376,0.7609503269195557,0.5588772296905518,0.6186780333518982
202,0.048928429409861564,0.1550600677728653,0.21757398545742035,0.1684817671775818,0.0692688375711441,0.18029379844665527,0.2334727644920349,0.26124340295791626,0.3205074946073672,0.18452246487140656,0.500918984413147,0.3153781294822693,0.054741520434617996,0.73210209608078,0.5154350996017456,0.508171021938324
203,0.04820562459528446,0.1529718041419983,0.2142317146062851,0.16172783076763153,0.07131408154964447,0.17260724306106567,0.22459577023983002,0.2602054476737976,0.31692204068307406,0.19784361124038696,0.5201593041419983,0.37551674246788025,0.08870063722133636,0.6571890115737915,0.4387958347797394,0.4329923391342163
204,0.04466940522193909,0.14745980501174927,0.20659121870994568,0.15426534414291382,0.07364855706691742,0.17039529979228973,0.2253648042678833,0.2437092661857605,0.32190855319668815,0.16875304281711578,0.4930824637413025,0.24959954619407654,0.06377659738063812,0.8325801491737366,0.5842483043670654,0.5462179780006409
205,0.04743164497613907,0.15259979665279388,0.21172882616519928,0.16945083439350128,0.07955791056156158,0.17696166038513184,0.23119759559631348,0.2516201436519623,0.37004005450468797,0.23210519552230835,0.5543018579483032,0.3397845923900604,0.07722018659114838,0.7101386785507202,0.5482062697410583,0.5734069347381592
206,0.04616818457841873,0.14956475794315338,0.21006163954734802,0.17447885870933533,0.06922879070043564,0.18905147910118103,0.2329144924879074,0.2739937901496887,0.3018330347616799,0.20167963206768036,0.4933660626411438,0.3142036199569702,0.062204066663980484,0.8095659017562866,0.5064302682876587,0.4461604654788971
207,0.05253942333161831,0.15784481167793274,0.2234656661748886,0.1711600124835968,0.05499253049492836,0.18666976690292358,0.2315225452184677,0.27320772409439087,0.34649837260636,0.2260465770959854,0.5401731133460999,0.3675689697265625,0.08329026401042938,0.6938086152076721,0.49008888006210327,0.43068474531173706
208,0.046064115181565286,0.15118809044361115,0.2103138417005539,0.15186728537082672,0.07347574830055237,0.168178528547287,0.21696974337100983,0.2578371465206146,0.44623332807364374,0.26056545972824097,0.6050639152526855,0.3885340094566345,0.13240529596805573,0.7029171586036682,0.5122774243354797,0.631384551525116
209,0.047460693061351776,0.15082184970378876,0.21275196969509125,0.16230575740337372,0.06645962595939636,0.17467257380485535,0.22098283469676971,0.25791507959365845,0.2684174013377812,0.19563758373260498,0.4619964361190796,0.29924553632736206,0.07159784436225891,0.772113561630249,0.45710518956184387,0.4034504294395447
210,0.04854865051805973,0.1528426855802536,0.21459659934043884,0.16233637928962708,0.05819930136203766,0.16198407113552094,0.22131000459194183,0.25952059030532837,0.3360507730394602,0.2247084230184555,0.5185195207595825,0.3111063241958618,0.10511799156665802,0.8191462755203247,0.5987275838851929,0.5016207098960876
211,0.051006344079971316,0.15364320576190948,0.21978750824928284,0.17393456399440765,0.07077701389789581,0.1891080141067505,0.23140260577201843,0.27217698097229004,0.3611315041780472,0.23953790962696075,0.5631574988365173,0.4156661033630371,0.0860140398144722,0.6015638709068298,0.36903682351112366,0.4955788254737854
212,0.04727965840697289,0.151625856757164,0.21250808238983154,0.16351014375686646,0.07198840379714966,0.1818745881319046,0.23498572409152985,0.26988497376441956,0.28912353401896185,0.1896958351135254,0.4707617461681366,0.2609293460845947,0.04499568045139313,0.7987985014915466,0.5952802896499634,0.4603739082813263
213,0.04766148363053799,0.14932270348072052,0.21332380175590515,0.15746955573558807,0.056484341621398926,0.1738383173942566,0.2241818606853485,0.26608893275260925,0.28583275837501365,0.18460552394390106,0.4663378894329071,0.2940213978290558,0.07284081727266312,0.7018254995346069,0.45408058166503906,0.4796832799911499
214,0.04240423148870468,0.1486508697271347,0.20284827053546906,0.17207251489162445,0.07190727442502975,0.18229278922080994,0.23278167843818665,0.2684948742389679,0.294944005812375,0.1744408756494522,0.47955799102783203,0.3000333607196808,0.09764043241739273,0.7156569957733154,0.4438360631465912,0.43200719356536865
215,0.042332240536808965,0.1459248811006546,0.20107729732990265,0.16690859198570251,0.06967402249574661,0.17732447385787964,0.2320505529642105,0.26974374055862427,0.3049213321825776,0.1806403398513794,0.4839002788066864,0.2616024911403656,0.07588334381580353,0.7805882692337036,0.5870896577835083,0.5428352952003479
216,0.047552441149950025,0.1495828926563263,0.211961030960083,0.16835860908031464,0.07817931473255157,0.17982274293899536,0.2335328757762909,0.2754458487033844,0.28224679507771866,0.17388124763965607,0.4708070755004883,0.26468607783317566,0.08555229008197784,0.7998504638671875,0.535409688949585,0.45053452253341675
217,0.04518450409173966,0.14698638021945953,0.20734143257141113,0.17382222414016724,0.07347910851240158,0.18282631039619446,0.2282029688358307,0.26952454447746277,0.3275107446735582,0.20480401813983917,0.5202541351318359,0.32222846150398254,0.12217077612876892,0.7552722692489624,0.5725514888763428,0.45283669233322144
218,0.04687373667955399,0.14915892481803894,0.21260470151901245,0.1557169407606125,0.06956982612609863,0.17581960558891296,0.22720737755298615,0.26857635378837585,0.2845264401134605,0.1610904484987259,0.4592142403125763,0.28154224157333374,0.037138547748327255,0.7100503444671631,0.44332507252693176,0.4872691035270691
219,0.048680081844329835,0.1536015421152115,0.21437890827655792,0.16972152888774872,0.06852930039167404,0.17563046514987946,0.22998638451099396,0.2639390528202057,0.28181101750725734,0.21370330452919006,0.4634787440299988,0.28449541330337524,0.06299038231372833,0.7581052780151367,0.5371606349945068,0.4683637320995331
220,0.04764121001958847,0.15143203735351562,0.2130504548549652,0.1520720273256302,0.05933770164847374,0.16607321798801422,0.2125343531370163,0.2520435154438019,0.3010130557231605,0.19235993921756744,0.49714919924736023,0.344964861869812,0.05556943267583847,0.7616869807243347,0.39965516328811646,0.41982367634773254
221,0.04437428629398346,0.1496681272983551,0.2072761356830597,0.1690586805343628,0.08314822614192963,0.18737050890922546,0.22961832582950592,0.2645455300807953,0.35813695683072394,0.2401905506849289,0.5389550924301147,0.3038693368434906,0.0852191373705864,0.6022573709487915,0.42968088388442993,0.6401517391204834
222,0.04431168983876705,0.1495402306318283,0.2069512903690338,0.1709924340248108,0.06807238608598709,0.18576842546463013,0.22292952239513397,0.2673812508583069,0.3157687666019998,0.1943829357624054,0.49007976055145264,0.2684255540370941,0.04970570281147957,0.8264794945716858,0.5451300144195557,0.4750802218914032
223,0.050943948477506634,0.15292689204216003,0.21845366060733795,0.17471785843372345,0.06616578996181488,0.18315255641937256,0.22887836396694183,0.2686251699924469,0.2971228048890435,0.1840212494134903,0.46906474232673645,0.28547993302345276,0.06058022752404213,0.7728714346885681,0.5026756525039673,0.4442856013774872
224,0.050993024110794066,0.15438252687454224,0.2202376425266266,0.17197111248970032,0.07417559623718262,0.18486006557941437,0.23670870065689087,0.28192946314811707,0.3949437246013146,0.27050426602363586,0.5824702978134155,0.3942103981971741,0.07955404371023178,0.6310164928436279,0.4896940588951111,0.5726220011711121
225,0.04732271845638752,0.1525477021932602,0.21402856707572937,0.1751910001039505,0.06738482415676117,0.18592938780784607,0.2362159788608551,0.27410954236984253,0.2774497013642059,0.1627735197544098,0.4602484405040741,0.277429461479187,0.09407239407300949,0.7206693887710571,0.5257932543754578,0.4619983434677124
226,0.04609952645003795,0.14998731017112732,0.21040460467338562,0.17478492856025696,0.06990280747413635,0.18923096358776093,0.23449492454528809,0.28355664014816284,0.30379078143204635,0.16515912115573883,0.47275179624557495,0.265208899974823,0.05875318869948387,0.7710536122322083,0.5359113216400146,0.492694228887558
227,0.04770183373987675,0.1495203971862793,0.21226254105567932,0.17040762305259705,0.061976298689842224,0.18543636798858643,0.23233501613140106,0.2665489614009857,0.3208064348078691,0.23575055599212646,0.5238174200057983,0.37109610438346863,0.09912470728158951,0.7159302234649658,0.41492509841918945,0.43828198313713074
228,0.043883451357483866,0.1492469608783722,0.20509326457977295,0.1527681052684784,0.05806310102343559,0.1624039262533188,0.21399259567260742,0.2615760564804077,0.2840897577877443,0.1722394824028015,0.4726467728614807,0.29110267758369446,0.10005802661180496,0.7369568943977356,0.46218281984329224,0.40665245056152344
229,0.048661546394228934,0.15215718746185303,0.21509118378162384,0.16451025009155273,0.0682944729924202,0.17998209595680237,0.22450418770313263,0.27761751413345337,0.41640376442900073,0.23091033101081848,0.5408092141151428,0.2873656749725342,0.046189289540052414,0.7113085389137268,0.5143628120422363,0.7079797983169556
230,0.04495157425105572,0.14922372996807098,0.2085738331079483,0.15339165925979614,0.054821718484163284,0.1652050018310547,0.21437561511993408,0.25819674134254456,0.2867371024868379,0.15946239233016968,0.46451500058174133,0.29351335763931274,0.0985611230134964,0.7606827616691589,0.5097057223320007,0.38594481348991394
231,0.0417328200340271,0.14403566718101501,0.19979898631572723,0.1527632772922516,0.06763598322868347,0.15910542011260986,0.2078283578157425,0.24538679420948029,0.3539745860885327,0.19097833335399628,0.5088717937469482,0.23911023139953613,0.07653850317001343,0.7144703269004822,0.5990369319915771,0.6232553720474243
232,0.04824126780033112,0.15073654055595398,0.2141794115304947,0.14908666908740997,0.06893640756607056,0.1766338348388672,0.20501936972141266,0.24809683859348297,0.37492466930192536,0.21108271181583405,0.5459550619125366,0.29568207263946533,0.06406410783529282,0.7635307312011719,0.5659064054489136,0.648690938949585
233,0.05047701068222523,0.1521746963262558,0.21893203258514404,0.1687694936990738,0.06969670951366425,0.18317532539367676,0.2255145013332367,0.2523456811904907,0.2941395863890648,0.19283084571361542,0.485519677400589,0.34462592005729675,0.08797454833984375,0.7278022170066833,0.42503103613853455,0.39224177598953247
234,0.04868065080046654,0.15119805932044983,0.21525350213050842,0.1779157817363739,0.07060723006725311,0.1966138333082199,0.2357763648033142,0.27639448642730713,0.30230341049341053,0.17892351746559143,0.46888652443885803,0.27547594904899597,0.06766780465841293,0.7318677306175232,0.5265653133392334,0.5480155348777771
235,0.04613154961168766,0.1496681272983551,0.20967401564121246,0.1724260002374649,0.07469365745782852,0.18359684944152832,0.23542875051498413,0.2636626958847046,0.3026546383133301,0.20573244988918304,0.4760398268699646,0.27615946531295776,0.04411270096898079,0.7305695414543152,0.4719352722167969,0.4893505871295929
236,0.042859335891902446,0.14389342069625854,0.2022165060043335,0.15652646124362946,0.061091791838407516,0.16875816881656647,0.21875552833080292,0.25878217816352844,0.2801301076598555,0.15988880395889282,0.46556541323661804,0.2618764638900757,0.06480637192726135,0.7962906360626221,0.553533136844635,0.4388964772224426
237,0.04644244965910912,0.14679381251335144,0.20977288484573364,0.16110928356647491,0.05222499370574951,0.1737239807844162,0.2093869000673294,0.2617737054824829,0.26816820934562624,0.15672270953655243,0.4547070860862732,0.27773353457450867,0.07692165672779083,0.7661755681037903,0.48124614357948303,0.4058299660682678
238,0.04170564095675945,0.14334550499916077,0.19961872696876526,0.1556105762720108,0.0667080506682396,0.16624502837657928,0.21173635125160217,0.2571476697921753,0.3054430535445975,0.1598747968673706,0.4669038653373718,0.22198253870010376,0.05426429957151413,0.7793282270431519,0.5320214629173279,0.4944760501384735
239,0.04562378022074699,0.145562082529068,0.2079138606786728,0.15790195763111115,0.06112591177225113,0.17009781301021576,0.20879264175891876,0.2546221911907196,0.3225170565061629,0.1880607008934021,0.4998789131641388,0.3455568552017212,0.1007341518998146,0.6833579540252686,0.5325238108634949,0.47455713152885437
240,0.04615872566401959,0.15043701231479645,0.20936739444732666,0.16692812740802765,0.07348565012216568,0.17560701072216034,0.22760777175426483,0.26293519139289856,0.2875655031709287,0.1810069978237152,0.47843921184539795,0.280892550945282,0.05126985162496567,0.7526155114173889,0.5214409232139587,0.44818422198295593
241,0.04554392175376415,0.1481756716966629,0.208100363612175,0.16392388939857483,0.07634425908327103,0.1747654378414154,0.22015053033828735,0.27045607566833496,0.31113262271257836,0.20447498559951782,0.48851484060287476,0.3155308961868286,0.06314326822757721,0.758519172668457,0.48535266518592834,0.42893823981285095
242,0.04617548917233944,0.14732725918293,0.2085273712873459,0.15922388434410095,0.07823333889245987,0.1731669157743454,0.21760021150112152,0.24328731000423431,0.2817755653657234,0.16607250273227692,0.4753161072731018,0.3079386055469513,0.06717319786548615,0.7347608804702759,0.45658165216445923,0.4348488450050354
243,0.04577177084982395,0.15024827420711517,0.20953874289989471,0.16265596449375153,0.06875859200954437,0.1743749976158142,0.22188372910022736,0.26760101318359375,0.33796157057468706,0.21494193375110626,0.5235035419464111,0.38850894570350647,0.06518605351448059,0.5851991176605225,0.4281870126724243,0.508455753326416
244,0.0506148429363966,0.15273812413215637,0.21532794833183289,0.163951113820076,0.06478159129619598,0.17697255313396454,0.22267550230026245,0.27284035086631775,0.2967115336079867,0.18239811062812805,0.49729254841804504,0.34465745091438293,0.07296833395957947,0.7534453868865967,0.5181131958961487,0.357648104429245
245,0.04032054288685322,0.14327026903629303,0.19742290675640106,0.15828478336334229,0.057730499655008316,0.16747507452964783,0.219374418258667,0.25474604964256287,0.28910101293765295,0.19272644817829132,0.4636516571044922,0.2751961946487427,0.019598376005887985,0.8005395531654358,0.557884931564331,0.4355403184890747
246,0.04465964718163013,0.14799043536186218,0.2063496708869934,0.17044739425182343,0.07201811671257019,0.1749768704175949,0.23286038637161255,0.2628246247768402,0.2848941748614799,0.15598303079605103,0.4592529833316803,0.26240310072898865,0.06880737096071243,0.8098761439323425,0.4676540493965149,0.4534090757369995
247,0.04337553307414055,0.14607112109661102,0.20303227007389069,0.15836076438426971,0.06575875729322433,0.16672614216804504,0.2112428992986679,0.25891605019569397,0.28493639110372615,0.18008770048618317,0.4746403098106384,0.3343070149421692,0.08410035818815231,0.7037439346313477,0.43097540736198425,0.4277203679084778
248,0.045030645310878754,0.14763036370277405,0.20689037442207336,0.14839956164360046,0.044488325715065,0.1521049290895462,0.2137458771467209,0.2438458949327469,0.2811407214926126,0.17820590734481812,0.4789396822452545,0.2938849627971649,0.07267654687166214,0.7690253853797913,0.5479696989059448,0.42914292216300964
249,0.039184219121932984,0.14088201522827148,0.19363316893577576,0.14944392442703247,0.07616450637578964,0.15771543979644775,0.2143900990486145,0.2459685355424881,0.2745345612235654,0.16641110181808472,0.4635508954524994,0.281460165977478,0.09159600734710693,0.777199387550354,0.5234450101852417,0.4033568799495697
250,0.04365984842181206,0.14588625729084015,0.20468764007091522,0.1545255035161972,0.0590054914355278,0.1661207377910614,0.2088177502155304,0.26093897223472595,0.39875192700240475,0.24940508604049683,0.580618679523468,0.3791928291320801,0.060801148414611816,0.7168619632720947,0.5755102634429932,0.5550375580787659
251,0.04479064722359181,0.1447894275188446,0.2057742178440094,0.16583451628684998,0.07665009051561356,0.17398874461650848,0.21535775065422058,0.26654505729675293,0.29074899464971027,0.16169631481170654,0.46483945846557617,0.24253469705581665,0.02284403331577778,0.8022752404212952,0.5479896068572998,0.4585725665092468
252,0.041691947199404236,0.14427538216114044,0.200637549161911,0.1518007069826126,0.057654280215501785,0.15906870365142822,0.21547526121139526,0.2508457601070404,0.29101630827510516,0.17326119542121887,0.48866158723831177,0.32245928049087524,0.11986173689365387,0.7043406367301941,0.47622549533843994,0.39742761850357056
253,0.04635277768969536,0.14797475934028625,0.20931370556354523,0.159480020403862,0.06098521128296852,0.17221860587596893,0.21978898346424103,0.262448787689209,0.30832136418365946,0.17173203825950623,0.48255908489227295,0.26580673456192017,0.09334291517734528,0.7009289264678955,0.4350709319114685,0.5144596695899963
254,0.04892093732953071,0.15173672139644623,0.2143239676952362,0.16672959923744202,0.07254406809806824,0.1752210110425949,0.218072310090065,0.27305591106414795,0.32745768609367165,0.19500921666622162,0.5058359503746033,0.2930862307548523,0.06031542643904686,0.779439389705658,0.5362222790718079,0.5932310223579407
255,0.04102680320292711,0.1431257575750351,0.19836866855621338,0.15677636861801147,0.0625445768237114,0.16478101909160614,0.21097415685653687,0.25838980078697205,0.31308211479336023,0.21648521721363068,0.5167661905288696,0.361622154712677,0.07842424511909485,0.6671838164329529,0.42628929018974304,0.38588207960128784
256,0.044083319142460824,0.14794868230819702,0.20597098767757416,0.1580805778503418,0.06240567937493324,0.1682637631893158,0.22111262381076813,0.24850581586360931,0.368738664018635,0.19336211681365967,0.5184609293937683,0.22477714717388153,0.03962039202451706,0.772571325302124,0.5789287090301514,0.6539830565452576
257,0.046871809884905816,0.14612062275409698,0.2106006145477295,0.16943135857582092,0.07914578914642334,0.1824752390384674,0.2156369537115097,0.26732951402664185,0.30980816277532053,0.19899865984916687,0.5000481009483337,0.30362141132354736,0.07193705439567566,0.7671607732772827,0.5305415391921997,0.4802640378475189
258,0.04394239014387131,0.1474253237247467,0.2056203931570053,0.18263591825962067,0.06485766172409058,0.1931351274251938,0.24405227601528168,0.2782403528690338,0.33726438581036816,0.168836310505867,0.4896963834762573,0.22224101424217224,0.021814238280057907,0.753746747970581,0.5345968008041382,0.5759515166282654
259,0.04478919629752636,0.14530189335346222,0.20458514988422394,0.154310405254364,0.06214875727891922,0.1637285053730011,0.21517689526081085,0.26259467005729675,0.3466178600031596,0.19408223032951355,0.515444815158844,0.2583540976047516,0.044322531670331955,0.7882887721061707,0.6205132007598877,0.5730237364768982
260,0.04624530646204948,0.1508840173482895,0.20965923368930817,0.1705898493528366,0.06937804073095322,0.1864406168460846,0.2381308674812317,0.28153112530708313,0.283801398470062,0.15462090075016022,0.45665597915649414,0.21986763179302216,0.014446595683693886,0.8346599340438843,0.5993079543113708,0.42681822180747986
261,0.04149692851305008,0.144451305270195,0.20042143762111664,0.15957686305046082,0.06723078340291977,0.17397768795490265,0.22750936448574066,0.2533687949180603,0.2920839478118488,0.16323429346084595,0.4753052890300751,0.2903469204902649,0.05437799170613289,0.7360399961471558,0.5189334750175476,0.40687263011932373
262,0.043617629632353785,0.1477051079273224,0.2051994949579239,0.1613609790802002,0.06547383964061737,0.17274078726768494,0.21894127130508423,0.2599622309207916,0.29880683156527366,0.17321892082691193,0.4828086197376251,0.2763057053089142,0.06354642659425735,0.7588124871253967,0.5578970313072205,0.42258545756340027
263,0.047310699582099915,0.14679977297782898,0.2095080316066742,0.18664178252220154,0.07129065692424774,0.1959587037563324,0.23651565611362457,0.2707001566886902,0.35596325106542703,0.1726018190383911,0.5062713027000427,0.23039335012435913,0.04330737143754959,0.7789522409439087,0.5512268543243408,0.6084047555923462
264,0.04849376693367958,0.1470363289117813,0.21313215792179108,0.1712115854024887,0.06272727251052856,0.17636485397815704,0.2291942983865738,0.2659623324871063,0.31651281304388806,0.1862555593252182,0.49942222237586975,0.30918726325035095,0.06010347232222557,0.7439676523208618,0.5492469668388367,0.4850411117076874
265,0.04585395340621472,0.14670561254024506,0.20877428352832794,0.16491949558258057,0.06472264975309372,0.17210082709789276,0.22054173052310944,0.26057207584381104,0.29857664555311203,0.18079906702041626,0.5032838582992554,0.364178866147995,0.0540364533662796,0.6633316874504089,0.5130893588066101,0.43031495809555054
266,0.04127801558375359,0.14397597312927246,0.19918647408485413,0.1551656872034073,0.07173750549554825,0.16623033583164215,0.21257151663303375,0.25482112169265747,0.3146379771373736,0.18773454427719116,0.48404762148857117,0.27670350670814514,0.09143900871276855,0.7182193994522095,0.43235552310943604,0.5027394890785217
267,0.041323863700032236,0.14308880269527435,0.1988488733768463,0.1347164511680603,0.05024765059351921,0.14933650195598602,0.19434723258018494,0.25418418645858765,0.2824491432939584,0.1799611747264862,0.4611422121524811,0.26298195123672485,0.03206638619303703,0.79552161693573,0.5456023812294006,0.42813098430633545
268,0.043929400101304056,0.143154114484787,0.20389790832996368,0.1606103777885437,0.06055726855993271,0.16977766156196594,0.20558369159698486,0.25634604692459106,0.3120932709515238,0.21172963082790375,0.48941418528556824,0.31447550654411316,0.03392850607633591,0.819372832775116,0.5271713733673096,0.43874698877334595
269,0.04293365286290646,0.14263910055160522,0.2020024210214615,0.16136609017848969,0.06009497866034508,0.1646171659231186,0.21686787903308868,0.2575894296169281,0.30637201823097154,0.17140144109725952,0.4741460084915161,0.25118082761764526,0.0486394539475441,0.7623111009597778,0.5530796647071838,0.547885537147522
270,0.03958540769666433,0.1409451961517334,0.19527076184749603,0.15907034277915955,0.06140700355172157,0.17027194797992706,0.21911898255348206,0.2572307288646698,0.29642505129875363,0.1575692743062973,0.4536459743976593,0.2616605758666992,0.050243981182575226,0.7434240579605103,0.4917125105857849,0.4468952715396881
271,0.04694187232851982,0.14708001911640167,0.2106972336769104,0.1700938642024994,0.0768028199672699,0.16925407946109772,0.23098322749137878,0.2569366693496704,0.2934027588971031,0.16838796436786652,0.4672549366950989,0.28602612018585205,0.06462801992893219,0.7109635472297668,0.44861623644828796,0.4573182463645935
272,0.045521249756217005,0.148649200797081,0.20821523666381836,0.15621675550937653,0.05672328546643257,0.1696241796016693,0.22113922238349915,0.2591252326965332,0.2895358131589511,0.1763557344675064,0.4610181152820587,0.3007763624191284,0.07146783918142319,0.7059510350227356,0.4857271611690521,0.4094330072402954
273,0.04144980102777481,0.14369167387485504,0.19804252684116364,0.15688249468803406,0.058437004685401917,0.16683167219161987,0.22656476497650146,0.2598818242549896,0.29365938749665826,0.1642540693283081,0.48274290561676025,0.29472678899765015,0.06805412471294403,0.7307172417640686,0.5664348006248474,0.4382258951663971
274,0.03657329416275024,0.139101043343544,0.18843455612659454,0.16006413102149963,0.05396813899278641,0.16161543130874634,0.2153838574886322,0.25793033838272095,0.28807693065251583,0.16923104226589203,0.47560441493988037,0.2891749441623688,0.06644106656312943,0.7453253865242004,0.5317181944847107,0.4339967370033264
275,0.03781535344570875,0.1388808637857437,0.19070187211036682,0.13763616979122162,0.05226070433855057,0.15095959603786469,0.20744433999061584,0.23352406919002533,0.3749586206193691,0.18024957180023193,0.5042028427124023,0.2208852767944336,0.0056914836168289185,0.791984498500824,0.5675429105758667,0.6178525686264038
276,0.03944341279566288,0.142319455742836,0.19535338878631592,0.14238083362579346,0.037522368133068085,0.14964957535266876,0.20186714828014374,0.2514404356479645,0.3337903725914657,0.22635793685913086,0.4979638457298279,0.29414576292037964,0.04638092219829559,0.6958907246589661,0.5577717423439026,0.5172957181930542
277,0.0415322495251894,0.142360121011734,0.19837096333503723,0.15360496938228607,0.07152746617794037,0.16415929794311523,0.2103324979543686,0.25732672214508057,0.3747188240746394,0.21164096891880035,0.5228853225708008,0.28261131048202515,0.017839856445789337,0.8018511533737183,0.6400578618049622,0.6673961281776428
278,0.039849539011716846,0.141587495803833,0.1954151690006256,0.1694609820842743,0.057594865560531616,0.1703832894563675,0.22993475198745728,0.2553393840789795,0.2765698386714436,0.19010581076145172,0.47043153643608093,0.32472822070121765,0.04837704449892044,0.652924120426178,0.46994370222091675,0.39561325311660767
279,0.05073816329240799,0.1474379301071167,0.21563367545604706,0.19064070284366608,0.06534114480018616,0.19056661427021027,0.2382364124059677,0.28999701142311096,0.3213570001356017,0.2118743360042572,0.4907873570919037,0.26892369985580444,0.04878536984324455,0.7933997511863708,0.5484510064125061,0.49900656938552856
280,0.04447870522737503,0.14415602385997772,0.2053794264793396,0.1618489772081375,0.056444402784109116,0.16474224627017975,0.22492720186710358,0.25819966197013855,0.2784996580739971,0.16451320052146912,0.4566156268119812,0.2769050598144531,0.036369286477565765,0.785519003868103,0.49699389934539795,0.4323102533817291
281,0.04486515856534243,0.1442245990037918,0.20581455528736115,0.17189854383468628,0.0631248950958252,0.17097748816013336,0.22732779383659363,0.2614232301712036,0.28234755920353705,0.1765296906232834,0.46970003843307495,0.2639589011669159,0.057038191705942154,0.7959957122802734,0.5808125734329224,0.42138025164604187
282,0.03960785362124443,0.13872405886650085,0.19515618681907654,0.16045640408992767,0.06443511694669724,0.1748868077993393,0.21525298058986664,0.2566514015197754,0.33494791155681014,0.2020484209060669,0.5050833225250244,0.31123119592666626,0.06730172038078308,0.7175648808479309,0.5439615249633789,0.5599727034568787
283,0.041495840094983576,0.14003288745880127,0.19723781943321228,0.15142910182476044,0.05601321533322334,0.16289833188056946,0.20643018186092377,0.24600309133529663,0.3126913237501867,0.18689323961734772,0.4900016486644745,0.29205018281936646,0.06386260688304901,0.7310702204704285,0.4682106375694275,0.5642947554588318
284,0.04375872603058815,0.14492186903953552,0.2039566934108734,0.17200522124767303,0.07437023520469666,0.18217813968658447,0.23025095462799072,0.2725101411342621,0.39055919224539626,0.20712997019290924,0.5365278720855713,0.33915993571281433,0.06139790266752243,0.6668417453765869,0.516997754573822,0.6288872957229614
285,0.040072820648550986,0.14005650579929352,0.19572514295578003,0.15189652144908905,0.05571846663951874,0.16196539998054504,0.20244067907333374,0.2435147613286972,0.35559323392422254,0.17402063310146332,0.5065351128578186,0.24795888364315033,0.04532879963517189,0.8327470421791077,0.6016982793807983,0.6221605539321899
286,0.04193121069669724,0.14332222938537598,0.19929884374141693,0.14808052778244019,0.050901446491479874,0.1570754051208496,0.20310761034488678,0.24133114516735077,0.3050373987509654,0.1781979650259018,0.5028495192527771,0.3626153767108917,0.04603780061006546,0.7649374008178711,0.5986395478248596,0.39456847310066223
287,0.03675412173569202,0.1381300538778305,0.1879681944847107,0.1454417109489441,0.05128691717982292,0.15339963138103485,0.19041086733341217,0.24854187667369843,0.2720084168876593,0.17310355603694916,0.4753071963787079,0.3325332999229431,0.05756407603621483,0.7034086585044861,0.4757349193096161,0.4004286229610443
288,0.0435734074562788,0.14140142500400543,0.20116187632083893,0.14742541313171387,0.06641686707735062,0.15984851121902466,0.20759916305541992,0.24245063960552216,0.2887241648098167,0.16180670261383057,0.46276161074638367,0.24332015216350555,0.06209595873951912,0.8359957337379456,0.6415553689002991,0.4113002121448517
289,0.03901402945816517,0.13887062668800354,0.1933838129043579,0.14543598890304565,0.058172836899757385,0.15190483629703522,0.20041079819202423,0.2409682720899582,0.27010337924226546,0.20022927224636078,0.46286800503730774,0.3005674183368683,0.04992171749472618,0.7974045872688293,0.42564547061920166,0.39544904232025146
290,0.04390799501538277,0.14537999033927917,0.20367762446403503,0.15600381791591644,0.05813136696815491,0.16554386913776398,0.21196217834949493,0.2723757326602936,0.30647780096310623,0.17831501364707947,0.47194570302963257,0.27175047993659973,0.04052434116601944,0.7697468996047974,0.5588037371635437,0.5410899519920349
291,0.04246433053910732,0.1402302235364914,0.2006881982088089,0.17860734462738037,0.06928552687168121,0.182565838098526,0.23561598360538483,0.27260756492614746,0.4614793501409272,0.20726509392261505,0.5588823556900024,0.14230012893676758,0.03007104992866516,0.822344183921814,0.6501248478889465,0.8238258957862854
292,0.04486768777668476,0.14709971845149994,0.206801176071167,0.17457474768161774,0.06438073515892029,0.18137089908123016,0.2271123081445694,0.26414281129837036,0.3627394271226457,0.2225344032049179,0.5213761329650879,0.2745988070964813,0.08837653696537018,0.7241402268409729,0.6201146245002747,0.5653255581855774
293,0.045414994239807126,0.143166646361351,0.20545178651809692,0.16361309587955475,0.06343748420476913,0.17515411972999573,0.22243164479732513,0.26192206144332886,0.28614948079358815,0.157102569937706,0.4697977900505066,0.2706858217716217,0.017614932730793953,0.8150220513343811,0.5620864033699036,0.44641321897506714
294,0.04012139654159546,0.14094848930835724,0.19713518023490906,0.1579093188047409,0.06305435299873352,0.16331350803375244,0.21523508429527283,0.25094765424728394,0.29899675839652234,0.16575591266155243,0.4718942642211914,0.2730577290058136,0.019643571227788925,0.7517839670181274,0.6361249089241028,0.42048051953315735
295,0.042032280430197716,0.14270330965518951,0.20028181374073029,0.14863240718841553,0.05640994757413864,0.16085772216320038,0.20406049489974976,0.25019851326942444,0.29228209516832765,0.16478484869003296,0.47071123123168945,0.3232519328594208,0.06716103106737137,0.7234769463539124,0.45361727476119995,0.4183230400085449
296,0.043689973279833795,0.14432471990585327,0.2030949890613556,0.16091835498809814,0.05332813784480095,0.16706907749176025,0.21755456924438477,0.27850142121315,0.30656081138071245,0.18062341213226318,0.48146408796310425,0.27481284737586975,0.08087125420570374,0.7564311623573303,0.5045225620269775,0.4951777160167694
297,0.04759880131483078,0.1462346762418747,0.2107698917388916,0.15223361551761627,0.051225099712610245,0.16624785959720612,0.20849253237247467,0.24464894831180573,0.33758552993934315,0.20471423864364624,0.518674910068512,0.39827489852905273,0.11075561493635178,0.5362940430641174,0.45679232478141785,0.4677794277667999
298,0.041869067668914794,0.1420872062444687,0.19998404383659363,0.17038707435131073,0.05949176102876663,0.1846538484096527,0.22469276189804077,0.25722426176071167,0.28987567033170936,0.16843095421791077,0.4509364664554596,0.2765255868434906,0.031813740730285645,0.7596849203109741,0.4732359051704407,0.42985737323760986
299,0.038118660748004914,0.13850685954093933,0.19062411785125732,0.15828050673007965,0.061633527278900146,0.1636735051870346,0.21525982022285461,0.2608978748321533,0.36785367039891964,0.22103071212768555,0.5010033845901489,0.3001941740512848,0.051021676510572433,0.7353075742721558,0.47401291131973267,0.5519921183586121
