,loss,reg_output_0_loss,reg_output_1_loss,reg_output_2_loss,reg_output_3_loss,reg_output_4_loss,reg_output_5_loss,reg_output_0_mae,reg_output_0_rmse,reg_output_0_filter_0_rmse,reg_output_1_mae,reg_output_1_rmse,reg_output_1_filter_0_rmse,reg_output_2_mae,reg_output_2_rmse,reg_output_2_filter_0_rmse,reg_output_3_mae,reg_output_3_rmse,reg_output_3_filter_0_rmse,reg_output_4_mae,reg_output_4_rmse,reg_output_4_filter_0_rmse,reg_output_5_mae,reg_output_5_rmse,reg_output_5_filter_0_rmse
0,170.03025461832684,1.5102722644805908,1.9039406776428223,1.600643515586853,2.4114904403686523,1.3636527061462402,1.2507507801055908,0.7796229720115662,1.108202576637268,1.3160300254821777,0.9124355912208557,1.2379176616668701,1.3763391971588135,0.7657052278518677,1.1404203176498413,1.4780529737472534,1.0011905431747437,1.3481173515319824,1.497524619102478,0.6425039172172546,1.0132319927215576,1.3773709535598755,0.6003085970878601,0.9791224002838135,1.3103466033935547
1,99.59870834350586,0.8758624196052551,1.1618454456329346,0.9228265285491943,1.2654327154159546,0.8741499185562134,0.8057648539543152,0.5570904016494751,0.8390549421310425,0.959915280342102,0.7045589685440063,0.9907323122024536,1.1067969799041748,0.5229985117912292,0.8681668043136597,1.1586062908172607,0.7083609104156494,1.0016909837722778,1.0622564554214478,0.4984934628009796,0.8322291970252991,1.122305989265442,0.48181381821632385,0.8145112991333008,1.1107887029647827
2,76.29023895263671,0.6896029710769653,0.9477798342704773,0.6798794269561768,0.9986972808837891,0.6205192804336548,0.5637415647506714,0.5023714900016785,0.7668933272361755,0.9438123106956482,0.641489565372467,0.9053003787994385,1.0316917896270752,0.4415050148963928,0.7514230608940125,0.9916924834251404,0.6253515481948853,0.8963687419891357,0.9862819910049438,0.4209478497505188,0.7233275175094604,1.0227577686309814,0.3991597592830658,0.6974356174468994,0.9749263525009155
3,61.96348609924316,0.5463666319847107,0.7730095982551575,0.5882338285446167,0.8037123084068298,0.4884473383426666,0.4593319594860077,0.44333869218826294,0.687718391418457,0.8128486275672913,0.5848817229270935,0.8276833891868591,0.9025062322616577,0.4083508849143982,0.713793933391571,0.9156283140182495,0.5617331862449646,0.8059027194976807,0.8426740765571594,0.37235578894615173,0.6485477685928345,0.9240169525146484,0.35504162311553955,0.6400184631347656,0.8984732031822205
4,52.897411282857256,0.45775479078292847,0.6610326170921326,0.5225321650505066,0.6928622126579285,0.40092435479164124,0.3887987732887268,0.4089174270629883,0.6427513957023621,0.7724312543869019,0.5391266345977783,0.7727981209754944,0.8606890439987183,0.3833123743534088,0.6789434552192688,0.9108763933181763,0.5199998617172241,0.7510274648666382,0.7983688712120056,0.3318347632884979,0.5960686802864075,0.8922216892242432,0.32550451159477234,0.5901032090187073,0.8747782111167908
5,47.441657574971515,0.41427040100097656,0.5933831334114075,0.4696134328842163,0.6331802606582642,0.3369903862476349,0.35070985555648804,0.38374626636505127,0.6156707406044006,0.7114788889884949,0.5157950520515442,0.7439652681350708,0.8511344790458679,0.3638325333595276,0.6535631418228149,0.8721098303794861,0.5065066814422607,0.7349271178245544,0.7982521653175354,0.30242130160331726,0.5506101846694946,0.8030984997749329,0.3010832369327545,0.5688053369522095,0.8354316353797913
6,40.16197935740153,0.3387461006641388,0.5309969186782837,0.40454357862472534,0.5252782702445984,0.2750731110572815,0.29282239079475403,0.33516010642051697,0.5578338503837585,0.7207468152046204,0.47715944051742554,0.7013149261474609,0.8718487024307251,0.3298681378364563,0.6078037023544312,0.8831810355186462,0.4562073051929474,0.6730114221572876,0.8043882846832275,0.2698821723461151,0.49630293250083923,0.7513187527656555,0.27308472990989685,0.5198121666908264,0.8152180910110474
7,37.38954989115397,0.3094498813152313,0.492425799369812,0.3970929682254791,0.4770888686180115,0.2572214603424072,0.2751435339450836,0.3264331519603729,0.536334753036499,0.6401902437210083,0.46204185485839844,0.6790714859962463,0.7489637136459351,0.33236533403396606,0.6074857115745544,0.7980565428733826,0.4428444802761078,0.6482039093971252,0.6655437350273132,0.26268497109413147,0.48718899488449097,0.6806547045707703,0.26565706729888916,0.5067582130432129,0.7272413969039917
8,33.35635865529378,0.26299118995666504,0.4414741098880768,0.3703928589820862,0.4349878132343292,0.22024962306022644,0.24044983088970184,0.29664963483810425,0.4952056109905243,0.6221545934677124,0.42997798323631287,0.6443599462509155,0.7871128916740417,0.31014081835746765,0.5844592452049255,0.8155828714370728,0.41368329524993896,0.6200222373008728,0.7283446788787842,0.23701810836791992,0.4496871531009674,0.6600816249847412,0.24169524013996124,0.47506898641586304,0.7417758107185364
9,30.282308260599773,0.24302853643894196,0.3957391381263733,0.3451378643512726,0.38260015845298767,0.20261946320533752,0.22272467613220215,0.28414973616600037,0.4779762625694275,0.6207927465438843,0.40018898248672485,0.6089481711387634,0.6984390020370483,0.29932689666748047,0.5683814883232117,0.8403464555740356,0.38985976576805115,0.5871906876564026,0.6849876642227173,0.22139939665794373,0.4304583966732025,0.6464266180992126,0.2268640697002411,0.4544893801212311,0.7123255133628845
10,28.482983048756918,0.224941685795784,0.3672533631324768,0.3418944776058197,0.34792765974998474,0.19238433241844177,0.21554771065711975,0.2707688510417938,0.45755037665367126,0.5708122253417969,0.38723835349082947,0.5874595642089844,0.6759760975837708,0.29753175377845764,0.5664334893226624,0.8034077286720276,0.3727169334888458,0.5614487528800964,0.6828609704971313,0.21618770062923431,0.4234333038330078,0.655813992023468,0.22249846160411835,0.45024368166923523,0.6965020895004272
11,27.22879368464152,0.22157207131385803,0.3365926742553711,0.3250237703323364,0.33669450879096985,0.18766896426677704,0.2088431864976883,0.26629263162612915,0.45422691106796265,0.5636352896690369,0.3616282641887665,0.5595686435699463,0.6234121918678284,0.2855236828327179,0.5502913594245911,0.8470441699028015,0.3597787618637085,0.5526514649391174,0.5986320376396179,0.20886501669883728,0.4161210060119629,0.6298038959503174,0.21536841988563538,0.4417877197265625,0.683826744556427
12,25.901837380727134,0.20874473452568054,0.3043299913406372,0.32275620102882385,0.3202177882194519,0.18102531135082245,0.20453892648220062,0.258786141872406,0.4414806663990021,0.5690001845359802,0.3409601151943207,0.5300899744033813,0.6058398485183716,0.28956499695777893,0.5510057806968689,0.7832796573638916,0.35438868403434753,0.5391175746917725,0.5971060991287231,0.2084560990333557,0.412278950214386,0.5956935286521912,0.21805037558078766,0.43921953439712524,0.6701891422271729
13,23.515765762329103,0.20357348024845123,0.2687574326992035,0.30139389634132385,0.28312358260154724,0.1622040867805481,0.1807863712310791,0.25215262174606323,0.4358653128147125,0.5871602892875671,0.31503570079803467,0.49738648533821106,0.6041622161865234,0.2692897915840149,0.5300977230072021,0.7757946848869324,0.3269757926464081,0.5089275240898132,0.5631250739097595,0.19214552640914917,0.38726097345352173,0.6337376236915588,0.20095482468605042,0.41071996092796326,0.6586584448814392
14,22.849609343210854,0.20089703798294067,0.253383070230484,0.29506397247314453,0.27561572194099426,0.15599259734153748,0.18015559017658234,0.2552970349788666,0.4332476556301117,0.5303919315338135,0.3062065541744232,0.4815818965435028,0.5587632060050964,0.27472254633903503,0.5275507569313049,0.7493709325790405,0.3240390419960022,0.50079345703125,0.5788405537605286,0.19094853103160858,0.38196462392807007,0.5886945724487305,0.2023206353187561,0.410437673330307,0.6720768809318542
15,23.00383456548055,0.1962032914161682,0.24032588303089142,0.3080558776855469,0.26880380511283875,0.16941222548484802,0.19404707849025726,0.2510121762752533,0.4261976480484009,0.5289997458457947,0.2949749529361725,0.4660312235355377,0.5660125017166138,0.280911922454834,0.5362318754196167,0.7897318005561829,0.3187684714794159,0.4970753788948059,0.5954533815383911,0.19910770654678345,0.3946150541305542,0.5763177275657654,0.21181823313236237,0.4236092269420624,0.6734235882759094
16,21.44918049176534,0.1900547444820404,0.23002925515174866,0.2833652198314667,0.25133803486824036,0.15096305310726166,0.1749902367591858,0.2469433844089508,0.4211026430130005,0.5144380331039429,0.28474146127700806,0.45671215653419495,0.5464802384376526,0.2672171890735626,0.5156580805778503,0.7185282111167908,0.3059366047382355,0.4782116115093231,0.5571491718292236,0.1883310228586197,0.37525346875190735,0.5620898008346558,0.20232100784778595,0.40568807721138,0.6422126889228821
17,21.660647916793824,0.19930598139762878,0.21317149698734283,0.2845284640789032,0.2594374716281891,0.16037248075008392,0.17791278660297394,0.25037410855293274,0.43028753995895386,0.5492191314697266,0.2716941833496094,0.439786821603775,0.5456686019897461,0.2694180905818939,0.5140231847763062,0.7268401384353638,0.30733534693717957,0.4864138960838318,0.5467600226402283,0.19315938651561737,0.3857082426548004,0.6109224557876587,0.2004164159297943,0.4050425589084625,0.629964292049408
18,20.264211988449098,0.19002015888690948,0.20502199232578278,0.25967440009117126,0.22994159162044525,0.1543474942445755,0.17305651307106018,0.24547336995601654,0.420562744140625,0.5220448970794678,0.2675436735153198,0.42774608731269836,0.5423933863639832,0.2560507655143738,0.49226003885269165,0.7069823145866394,0.2905832827091217,0.45409828424453735,0.48924070596694946,0.1869085133075714,0.3779383897781372,0.5673068761825562,0.1952897161245346,0.39960405230522156,0.5947546362876892
19,19.252941544850668,0.17965546250343323,0.18729205429553986,0.25282785296440125,0.21771568059921265,0.15174289047718048,0.16437013447284698,0.23941870033740997,0.4068821668624878,0.5154187679290771,0.25348910689353943,0.4082721471786499,0.48543673753738403,0.24856171011924744,0.48434212803840637,0.6866365671157837,0.27798938751220703,0.4418680965900421,0.49242162704467773,0.18554234504699707,0.3751867711544037,0.5457842946052551,0.19509126245975494,0.39103493094444275,0.6016086935997009
20,18.501087395350137,0.17804433405399323,0.17534154653549194,0.2376341074705124,0.21549566090106964,0.13860756158828735,0.16186456382274628,0.23861342668533325,0.4037621319293976,0.5230038166046143,0.24768415093421936,0.39525285363197327,0.4876038432121277,0.23914498090744019,0.46980932354927063,0.6440171003341675,0.2743133306503296,0.4399566352367401,0.5431264042854309,0.17772997915744781,0.3580571711063385,0.5604156255722046,0.18947431445121765,0.38627752661705017,0.6139554977416992
21,17.93306369781494,0.16918179392814636,0.16892428696155548,0.23379044234752655,0.20079292356967926,0.14860455691814423,0.15448817610740662,0.23182865977287292,0.3930119574069977,0.5130732655525208,0.2411327064037323,0.38851556181907654,0.4557248651981354,0.2374393492937088,0.46483832597732544,0.6408107280731201,0.2638687789440155,0.4221763014793396,0.493417888879776,0.18140989542007446,0.36936336755752563,0.5547420382499695,0.18456146121025085,0.3766429126262665,0.5938142538070679
22,17.8500972588857,0.16717377305030823,0.17012901604175568,0.2325456589460373,0.20005527138710022,0.14207042753696442,0.15861935913562775,0.23566414415836334,0.38977187871932983,0.4693130552768707,0.24482126533985138,0.38926512002944946,0.43779003620147705,0.23751451075077057,0.46310898661613464,0.6123101115226746,0.26843899488449097,0.42255672812461853,0.4886507987976074,0.18205586075782776,0.36117225885391235,0.5243219137191772,0.1916927844285965,0.3828184902667999,0.5844186544418335
23,16.496803299585977,0.15469945967197418,0.15502962470054626,0.2103303223848343,0.18255004286766052,0.13892221450805664,0.14885975420475006,0.22193588316440582,0.37417611479759216,0.4716380834579468,0.22930410504341125,0.36887842416763306,0.44230952858924866,0.2218780368566513,0.43644824624061584,0.6002188920974731,0.2480354905128479,0.4001319706439972,0.4727449417114258,0.17459788918495178,0.35693928599357605,0.5584222674369812,0.17986121773719788,0.3689139485359192,0.5841079950332642
24,16.35991112391154,0.1492307484149933,0.15390153229236603,0.20178350806236267,0.1813482940196991,0.1415615975856781,0.1551726907491684,0.21745164692401886,0.36529794335365295,0.4873007833957672,0.22771480679512024,0.3669719099998474,0.4436151683330536,0.21879936754703522,0.42882582545280457,0.6088831424713135,0.24836988747119904,0.39895904064178467,0.4885035753250122,0.17768612504005432,0.3588161766529083,0.591923713684082,0.18362577259540558,0.37547633051872253,0.6407445073127747
25,16.36192552248637,0.14608065783977509,0.1514701098203659,0.208965465426445,0.18642862141132355,0.14014485478401184,0.15015436708927155,0.21431763470172882,0.3600423038005829,0.4505406320095062,0.2280266135931015,0.36450034379959106,0.4973446726799011,0.21748091280460358,0.4318775236606598,0.6027651429176331,0.25222381949424744,0.40342357754707336,0.4771023690700531,0.1757725328207016,0.3571617305278778,0.5627976655960083,0.18342462182044983,0.3702802062034607,0.5936300158500671
26,15.62730884552002,0.13637317717075348,0.14507783949375153,0.19201593101024628,0.1778617650270462,0.13723443448543549,0.1511879712343216,0.20776484906673431,0.3475743532180786,0.4101558029651642,0.22618620097637177,0.35750558972358704,0.4199398159980774,0.2134295254945755,0.4179578721523285,0.5564890503883362,0.2459600567817688,0.3919239938259125,0.42507192492485046,0.17812642455101013,0.35382670164108276,0.5470516085624695,0.18653719127178192,0.3701154887676239,0.5680681467056274
27,14.485718313852946,0.1261027604341507,0.1360255628824234,0.18209335207939148,0.15753832459449768,0.1295468658208847,0.14114849269390106,0.1973659247159958,0.33561626076698303,0.4453698992729187,0.21578475832939148,0.3443892300128937,0.45034176111221313,0.20366106927394867,0.4083031713962555,0.6027679443359375,0.2285590022802353,0.36803138256073,0.4575093388557434,0.1709630787372589,0.34712979197502136,0.5579442381858826,0.1762109398841858,0.36165618896484375,0.5939859747886658
28,14.627124913533528,0.12629814445972443,0.13095714151859283,0.18887120485305786,0.16204263269901276,0.12932024896144867,0.14447496831417084,0.19704166054725647,0.33365359902381897,0.41177305579185486,0.21270295977592468,0.33864593505859375,0.40443676710128784,0.20793713629245758,0.41502612829208374,0.5771709084510803,0.23119767010211945,0.3710021376609802,0.4188818633556366,0.1703425496816635,0.344795286655426,0.5220958590507507,0.1809186190366745,0.3653276860713959,0.5867341756820679
29,14.178477923075357,0.12549345195293427,0.1300646960735321,0.17703445255756378,0.15740519762039185,0.1256735771894455,0.1377907693386078,0.19601242244243622,0.3323064148426056,0.4240555167198181,0.21172817051410675,0.3367217481136322,0.3904474675655365,0.20045879483222961,0.39918842911720276,0.553855836391449,0.23020713031291962,0.36578860878944397,0.42355379462242126,0.16743580996990204,0.33967217803001404,0.5524015426635742,0.1733064353466034,0.35472822189331055,0.5546795725822449
30,14.673865874608358,0.12665240466594696,0.14076921343803406,0.17654448747634888,0.1592278778553009,0.1389663815498352,0.14128637313842773,0.1988549828529358,0.3332141637802124,0.4244808852672577,0.2237526923418045,0.3520032465457916,0.42887628078460693,0.20240828394889832,0.3989154100418091,0.5282379388809204,0.23236462473869324,0.3674674928188324,0.40253332257270813,0.17564037442207336,0.3572502136230469,0.5602690577507019,0.17791429162025452,0.3584715723991394,0.5641070008277893
31,13.137445481618245,0.10866890102624893,0.121907539665699,0.16039328277111053,0.14028137922286987,0.12266027927398682,0.139505535364151,0.1758020967245102,0.3089434802532196,0.3880861699581146,0.20407329499721527,0.32629579305648804,0.42167583107948303,0.18678434193134308,0.3810745179653168,0.5415443778038025,0.2132619172334671,0.3435644805431366,0.4211606979370117,0.16134372353553772,0.3364008665084839,0.5392422080039978,0.17151585221290588,0.35744330286979675,0.6125702261924744
32,14.142475191752116,0.12218373268842697,0.1288856565952301,0.1714267134666443,0.15773805975914001,0.12898752093315125,0.1427638679742813,0.19269363582134247,0.32700833678245544,0.414939284324646,0.21214523911476135,0.3364841043949127,0.4038519561290741,0.19671772420406342,0.38982436060905457,0.5576476454734802,0.23028241097927094,0.36660850048065186,0.4341472089290619,0.1698118895292282,0.34343522787094116,0.5312971472740173,0.17643505334854126,0.3608039617538452,0.5723097920417786
33,12.966628217697144,0.11304416507482529,0.11794939637184143,0.15408864617347717,0.1369047313928604,0.1275016814470291,0.13319803774356842,0.18098841607570648,0.3152172267436981,0.3988027274608612,0.19753462076187134,0.32230764627456665,0.3903573155403137,0.1847619116306305,0.3709893226623535,0.5056212544441223,0.21081720292568207,0.34067633748054504,0.4055996537208557,0.16683489084243774,0.3405786156654358,0.557475745677948,0.17096032202243805,0.34722423553466797,0.5713391900062561
34,12.595284525553385,0.10712721943855286,0.11849521100521088,0.14625009894371033,0.13852573931217194,0.12132950872182846,0.12703606486320496,0.17956383526325226,0.3061761260032654,0.38003817200660706,0.20347027480602264,0.32374444603919983,0.3840579688549042,0.17743036150932312,0.3595358729362488,0.49583473801612854,0.2120453417301178,0.34190165996551514,0.3971047103404999,0.16401435434818268,0.33430904150009155,0.527065634727478,0.16727858781814575,0.3392368257045746,0.5391395688056946
35,12.944508250554403,0.10733523964881897,0.12008914351463318,0.15088017284870148,0.1394941359758377,0.12740753591060638,0.13622353971004486,0.18003633618354797,0.3070494830608368,0.3790445327758789,0.2033766657114029,0.32367509603500366,0.3772251307964325,0.17952708899974823,0.36584073305130005,0.4923020303249359,0.21663302183151245,0.34185248613357544,0.35823842883110046,0.16542035341262817,0.3422771394252777,0.5424493551254272,0.17095135152339935,0.3525886535644531,0.5494263768196106
36,12.487779744466145,0.10040027648210526,0.11934918910264969,0.14463186264038086,0.1348036825656891,0.12533536553382874,0.12920871376991272,0.1728254109621048,0.29553931951522827,0.39885181188583374,0.20299340784549713,0.32402119040489197,0.38488614559173584,0.17724885046482086,0.35634198784828186,0.4911704659461975,0.21063967049121857,0.3357698619365692,0.4241366684436798,0.16655485332012177,0.3384905755519867,0.5159478783607483,0.16805362701416016,0.34028053283691406,0.5511094927787781
37,12.305122431119283,0.0965014174580574,0.1143893152475357,0.1513671725988388,0.12707768380641937,0.12739050388336182,0.12851133942604065,0.16948051750659943,0.2905780076980591,0.35984665155410767,0.19831198453903198,0.3177541494369507,0.3622439503669739,0.1834029108285904,0.36575451493263245,0.5048253536224365,0.20264853537082672,0.32521751523017883,0.36084815859794617,0.16634178161621094,0.33878293633461,0.5373217463493347,0.165357306599617,0.34077945351600647,0.51944899559021
38,12.438485066095987,0.10366109013557434,0.11498270183801651,0.14095327258110046,0.13751254975795746,0.12466801702976227,0.12830881774425507,0.17414826154708862,0.2998577654361725,0.38441893458366394,0.198711097240448,0.3176478445529938,0.3996448218822479,0.17502938210964203,0.349526047706604,0.48058491945266724,0.21275396645069122,0.33956974744796753,0.4145585000514984,0.16641512513160706,0.33811697363853455,0.557391345500946,0.16683508455753326,0.341560423374176,0.5443944931030273
39,11.429220898946125,0.09849311411380768,0.10628117620944977,0.13411149382591248,0.11885624378919601,0.113942950963974,0.11834511160850525,0.17112921178340912,0.2911730408668518,0.3729495406150818,0.1908399611711502,0.30442264676094055,0.36215394735336304,0.1729394942522049,0.34392982721328735,0.4596918523311615,0.19877341389656067,0.3160248398780823,0.3641150891780853,0.15726055204868317,0.32388344407081604,0.489877313375473,0.15954531729221344,0.32723644375801086,0.4958025813102722
40,12.255185906092326,0.09942295402288437,0.11165476590394974,0.14375805854797363,0.13161715865135193,0.13274860382080078,0.12165641039609909,0.1725655198097229,0.29358959197998047,0.3797297477722168,0.19684737920761108,0.3130865693092346,0.3803669214248657,0.17907609045505524,0.35104963183403015,0.4760112464427948,0.20586159825325012,0.32989442348480225,0.36909857392311096,0.172362819314003,0.34544193744659424,0.5373578667640686,0.16369618475437164,0.33090922236442566,0.5100536942481995
41,11.305331865946451,0.09381304681301117,0.10173620283603668,0.13245323300361633,0.11785498261451721,0.1187637522816658,0.11942223459482193,0.16531451046466827,0.28483662009239197,0.3970955014228821,0.1868055760860443,0.297648549079895,0.355509489774704,0.1680496484041214,0.33801698684692383,0.4749950170516968,0.19479162991046906,0.3110491633415222,0.37502163648605347,0.15998445451259613,0.3300490975379944,0.5287147760391235,0.16015608608722687,0.3275551497936249,0.5425191521644592
42,11.691601928075155,0.09863778948783875,0.11115729808807373,0.13076704740524292,0.12303776293992996,0.1218685433268547,0.12000875920057297,0.17153634130954742,0.29006707668304443,0.37851646542549133,0.1938958764076233,0.3116703927516937,0.3529329001903534,0.1667543202638626,0.33665621280670166,0.45205360651016235,0.2033027857542038,0.3204236924648285,0.3602766692638397,0.1609002947807312,0.3329106867313385,0.5334761142730713,0.15727978944778442,0.3289513885974884,0.5264060497283936
43,11.45514799753825,0.09799766540527344,0.10530520230531693,0.1212761327624321,0.12413375824689865,0.12176832556724548,0.12043178081512451,0.1675109714269638,0.28861236572265625,0.3636331558227539,0.18902195990085602,0.30035871267318726,0.3564748167991638,0.1605551391839981,0.3204469084739685,0.4264926016330719,0.19606351852416992,0.31856945157051086,0.3739313781261444,0.16145701706409454,0.3329825699329376,0.5245844721794128,0.1592157781124115,0.32863619923591614,0.5303810238838196
44,10.983601435025532,0.08787257224321365,0.10414417833089828,0.1267087459564209,0.11721759289503098,0.1135273426771164,0.11405088007450104,0.16143551468849182,0.2735503911972046,0.3382455110549927,0.18833288550376892,0.2999829351902008,0.3613295555114746,0.16438476741313934,0.3282431364059448,0.43100669980049133,0.1976127326488495,0.31168487668037415,0.33901312947273254,0.15540194511413574,0.32447677850723267,0.4825672507286072,0.15344290435314178,0.32034963369369507,0.491474986076355
45,11.301000428199767,0.09401725977659225,0.10776150226593018,0.12275496125221252,0.1182197704911232,0.12614555656909943,0.11339017748832703,0.16661319136619568,0.28351232409477234,0.35974451899528503,0.19306112825870514,0.3058224022388458,0.3699208199977875,0.1628829687833786,0.31947025656700134,0.44378459453582764,0.19538678228855133,0.3115531802177429,0.35891926288604736,0.16269536316394806,0.3383961617946625,0.5558150410652161,0.15494579076766968,0.3179026246070862,0.5010612607002258
46,10.898178108533223,0.09220031648874283,0.1081538125872612,0.11516828835010529,0.11657886207103729,0.11382121592760086,0.11019314080476761,0.1655677706003189,0.28023701906204224,0.35185956954956055,0.19280505180358887,0.30635061860084534,0.3701573610305786,0.1560831516981125,0.3093664050102234,0.41512900590896606,0.19584618508815765,0.3087298274040222,0.33828166127204895,0.15568922460079193,0.32270991802215576,0.5065394043922424,0.15145398676395416,0.31455814838409424,0.4942850172519684
47,10.696087074279784,0.08090084046125412,0.10575204342603683,0.11704780161380768,0.11166581511497498,0.11892380565404892,0.11248910427093506,0.15023702383041382,0.2637627422809601,0.3391481041908264,0.1885642558336258,0.30216357111930847,0.37643328309059143,0.15912438929080963,0.3147382438182831,0.4288826584815979,0.18848921358585358,0.304444283246994,0.3489513099193573,0.15586134791374207,0.3279170095920563,0.5359132289886475,0.14858248829841614,0.31767621636390686,0.5051297545433044
48,10.252724194526673,0.08940844237804413,0.0943814218044281,0.11204353719949722,0.10677095502614975,0.11144603788852692,0.1048954427242279,0.16263611614704132,0.2755798399448395,0.36799171566963196,0.18107254803180695,0.28568655252456665,0.35565873980522156,0.1576208472251892,0.3035062253475189,0.42013850808143616,0.18661713600158691,0.29612037539482117,0.3380805552005768,0.15401071310043335,0.3179853856563568,0.5077704191207886,0.14918191730976105,0.3068629205226898,0.5062920451164246
49,10.961506056785584,0.08927739411592484,0.10387282073497772,0.11665039509534836,0.11623378843069077,0.12262319028377533,0.11335746198892593,0.1607278734445572,0.2745000720024109,0.34529927372932434,0.18852512538433075,0.29831090569496155,0.3527892529964447,0.15939468145370483,0.31288018822669983,0.40097907185554504,0.19242386519908905,0.309105783700943,0.3420273959636688,0.16169646382331848,0.3335099518299103,0.4977545738220215,0.1543193757534027,0.3180529773235321,0.46581900119781494
50,10.145725440979003,0.08742472529411316,0.09570351243019104,0.1052684560418129,0.10332978516817093,0.11367408186197281,0.10732381045818329,0.1605556756258011,0.2726859450340271,0.34035274386405945,0.18262715637683868,0.28706175088882446,0.34036779403686523,0.15286517143249512,0.29455503821372986,0.3996177315711975,0.1834215223789215,0.29193851351737976,0.34733307361602783,0.15844467282295227,0.32134881615638733,0.5090445280075073,0.15098752081394196,0.30957135558128357,0.4991838037967682
51,10.39954981803894,0.08664768189191818,0.09584815055131912,0.10807410627603531,0.11138664186000824,0.11627979576587677,0.10975971072912216,0.16187623143196106,0.27286750078201294,0.35398977994918823,0.1819634586572647,0.2880636751651764,0.3420761823654175,0.1556357890367508,0.2999725341796875,0.4481598138809204,0.193461075425148,0.30393558740615845,0.3515357971191406,0.15801864862442017,0.3243950605392456,0.5053131580352783,0.15303468704223633,0.3124902546405792,0.5103300213813782
52,10.627891524632771,0.09083086997270584,0.10345878452062607,0.10589500516653061,0.1109377071261406,0.1170651912689209,0.11251024901866913,0.16368858516216278,0.27898916602134705,0.3728584051132202,0.1861087828874588,0.2968192994594574,0.37438684701919556,0.1531333029270172,0.2951660454273224,0.4107954204082489,0.1876315474510193,0.2996041178703308,0.352226197719574,0.15937094390392303,0.32782498002052307,0.539330780506134,0.1534837931394577,0.317314475774765,0.5138824582099915
53,10.387293473879497,0.087469182908535,0.09816651046276093,0.10943390429019928,0.10688450187444687,0.11670105904340744,0.10882656276226044,0.15765072405338287,0.27209094166755676,0.3626013696193695,0.18385204672813416,0.2903464436531067,0.34847965836524963,0.15547500550746918,0.2991989254951477,0.4154462516307831,0.18623873591423035,0.29516634345054626,0.3458542823791504,0.15687140822410583,0.3258935809135437,0.51860511302948,0.14870263636112213,0.3107319176197052,0.4905931353569031
54,10.165205295880636,0.08569008857011795,0.09701906144618988,0.10609383136034012,0.1088777631521225,0.1115819662809372,0.1036205142736435,0.15972965955734253,0.27108654379844666,0.3559785783290863,0.18321983516216278,0.28872573375701904,0.35268262028694153,0.15340134501457214,0.2956102192401886,0.4366747736930847,0.1873454600572586,0.2987171709537506,0.34585830569267273,0.15497757494449615,0.3190954327583313,0.5422656536102295,0.14805202186107635,0.303294837474823,0.4854830205440521
55,9.89957825342814,0.08000331372022629,0.09346481412649155,0.10253898054361343,0.09914727509021759,0.11726047843694687,0.10697583109140396,0.1515701860189438,0.2592327892780304,0.33787766098976135,0.18039818108081818,0.28251707553863525,0.3520015478134155,0.14995378255844116,0.29049691557884216,0.4140187203884125,0.17656919360160828,0.2830541431903839,0.3621740937232971,0.1590173989534378,0.3261975646018982,0.49786970019340515,0.14781880378723145,0.30779412388801575,0.4908232092857361
56,9.371169559160869,0.08027255535125732,0.09063225239515305,0.09273769706487656,0.09396377950906754,0.11204657703638077,0.09623207896947861,0.1523466855287552,0.2621925473213196,0.34425240755081177,0.17736178636550903,0.27975770831108093,0.3449954688549042,0.14007116854190826,0.27493587136268616,0.37882760167121887,0.17054347693920135,0.27607759833335876,0.319055438041687,0.15219677984714508,0.3214563727378845,0.509259819984436,0.13952893018722534,0.2923143208026886,0.4625151455402374
57,9.807129406929016,0.08746419847011566,0.08922042697668076,0.09918172657489777,0.09726858139038086,0.1185726746916771,0.10122247040271759,0.15862637758255005,0.2740844488143921,0.36632755398750305,0.17340043187141418,0.2742336094379425,0.33366718888282776,0.14654821157455444,0.28490039706230164,0.40643346309661865,0.1747872680425644,0.2802523374557495,0.34363460540771484,0.15731334686279297,0.329577773809433,0.5391424894332886,0.14488765597343445,0.2980250418186188,0.4737977087497711
58,9.57052907148997,0.08002648502588272,0.09510702639818192,0.09554930031299591,0.09940847754478455,0.10924608260393143,0.09768854826688766,0.15526269376277924,0.26030728220939636,0.326694518327713,0.18150168657302856,0.28474316000938416,0.35011035203933716,0.14515332877635956,0.27844172716140747,0.3835662603378296,0.17973871529102325,0.28428009152412415,0.3295014500617981,0.15156668424606323,0.3154924809932709,0.4903222918510437,0.14092819392681122,0.2949381172657013,0.45609092712402344
59,10.044010027249653,0.0853644609451294,0.09495099633932114,0.10065814107656479,0.10431725531816483,0.11436673998832703,0.10669135302305222,0.15714454650878906,0.26807481050491333,0.3544497787952423,0.17603912949562073,0.28143197298049927,0.3505385220050812,0.15008826553821564,0.2848299443721771,0.43553850054740906,0.18383215367794037,0.2908511757850647,0.3397630453109741,0.15556786954402924,0.3223324716091156,0.5258323550224304,0.1487886905670166,0.3073830306529999,0.4983452260494232
60,8.989460357030232,0.07501521706581116,0.08270092308521271,0.08906054496765137,0.09395501762628555,0.10902627557516098,0.09361244738101959,0.14686161279678345,0.25306227803230286,0.35480448603630066,0.1670982986688614,0.2675250768661499,0.3196733891963959,0.1371813267469406,0.2687903344631195,0.37877193093299866,0.17181776463985443,0.2775949537754059,0.31731492280960083,0.15027573704719543,0.31632688641548157,0.5018406510353088,0.13858751952648163,0.28910693526268005,0.44186627864837646
61,9.298691082000733,0.08369757980108261,0.08825191110372543,0.087873674929142,0.09464667737483978,0.10812189429998398,0.09807742387056351,0.15662631392478943,0.26765885949134827,0.34017279744148254,0.17444629967212677,0.277241051197052,0.33565667271614075,0.139786034822464,0.26669925451278687,0.36834824085235596,0.1760791391134262,0.27863848209381104,0.316188246011734,0.1497303694486618,0.31196096539497375,0.510137140750885,0.14055100083351135,0.29196393489837646,0.4549252688884735
62,9.488347283999126,0.08343000710010529,0.0908324271440506,0.09450092911720276,0.09691182523965836,0.11399746686220169,0.09262287616729736,0.1569267362356186,0.26828864216804504,0.3683485686779022,0.1752622425556183,0.2789648175239563,0.33546802401542664,0.14443530142307281,0.27691012620925903,0.3935850262641907,0.17474594712257385,0.2810564339160919,0.3196144104003906,0.15606273710727692,0.3243154287338257,0.5113571882247925,0.139003187417984,0.28806358575820923,0.44477614760398865
63,9.735087100664774,0.07982455939054489,0.09240886569023132,0.10242743790149689,0.09611278027296066,0.11628458648920059,0.10231507569551468,0.150910884141922,0.26026034355163574,0.3321957588195801,0.17896658182144165,0.2830915153026581,0.3488021194934845,0.15077970921993256,0.28777942061424255,0.4122248589992523,0.1761823445558548,0.27878865599632263,0.3354201316833496,0.15897709131240845,0.32401788234710693,0.4950524866580963,0.1458853930234909,0.29642513394355774,0.4571485221385956
64,8.618041531244915,0.07683360576629639,0.08323024213314056,0.08074673265218735,0.08503568917512894,0.10430042445659637,0.08992283791303635,0.14771297574043274,0.2546289563179016,0.3312568664550781,0.16748996078968048,0.2671521306037903,0.3055715262889862,0.1331096738576889,0.25547677278518677,0.36785900592803955,0.16317646205425262,0.2630298435688019,0.3044188618659973,0.14733193814754486,0.30911141633987427,0.47657957673072815,0.13598543405532837,0.28219524025917053,0.44026029109954834
65,8.98613653977712,0.07637058943510056,0.08375730365514755,0.08606033772230148,0.09209860861301422,0.10869050025939941,0.09604809433221817,0.1500353217124939,0.25576940178871155,0.3244756758213043,0.16822634637355804,0.2696867883205414,0.324809730052948,0.1388368308544159,0.26615506410598755,0.42116662859916687,0.16973774135112762,0.2721806764602661,0.31733718514442444,0.15171806514263153,0.3160039186477661,0.508517861366272,0.13979679346084595,0.29092755913734436,0.4651738107204437
66,9.207005945841471,0.08243434876203537,0.08464468270540237,0.09231829643249512,0.09538474678993225,0.10804139077663422,0.09265164285898209,0.1533329337835312,0.26360026001930237,0.3320963680744171,0.16985471546649933,0.2702777683734894,0.32935789227485657,0.13955484330654144,0.2723996937274933,0.3830380141735077,0.17422470450401306,0.27697843313217163,0.3195019066333771,0.1485990583896637,0.3136040270328522,0.5143570899963379,0.1356705278158188,0.2865462899208069,0.4656183123588562
67,9.137186058362325,0.08344653993844986,0.08255993574857712,0.09064078330993652,0.09622730314731598,0.10485506057739258,0.09314193576574326,0.15468938648700714,0.2650705575942993,0.33871564269065857,0.16608594357967377,0.2662460207939148,0.3131943941116333,0.1392882913351059,0.2693130075931549,0.37463313341140747,0.17186500132083893,0.27522027492523193,0.32345929741859436,0.14584828913211823,0.3081502914428711,0.47282880544662476,0.1346927285194397,0.28581830859184265,0.4310189485549927
68,8.681953732172648,0.07513969391584396,0.07860656082630157,0.07954070717096329,0.09108975529670715,0.10815628618001938,0.09185588359832764,0.1494797319173813,0.25430169701576233,0.3416324853897095,0.16505958139896393,0.2595422565937042,0.3227274715900421,0.1338566243648529,0.25593116879463196,0.38006216287612915,0.17094840109348297,0.2712896168231964,0.31351742148399353,0.15206179022789001,0.3156166076660156,0.49963846802711487,0.13918279111385345,0.28460580110549927,0.451389342546463
69,9.025085051854452,0.07967248558998108,0.08095034211874008,0.09316270798444748,0.09708893299102783,0.10454618185758591,0.08898241072893143,0.15116630494594574,0.2618066370487213,0.3262651860713959,0.16393132507801056,0.263383150100708,0.30098164081573486,0.14162872731685638,0.27050021290779114,0.37555065751075745,0.17685151100158691,0.2803536653518677,0.32273048162460327,0.1468326896429062,0.30599650740623474,0.49237966537475586,0.13502304255962372,0.27958551049232483,0.4416981339454651
70,8.662927349408468,0.07448004186153412,0.0789337158203125,0.0882701501250267,0.0883377343416214,0.1062348410487175,0.0875493586063385,0.14603137969970703,0.25061047077178955,0.31531986594200134,0.16271303594112396,0.2603701651096344,0.32240593433380127,0.13998731970787048,0.2669437825679779,0.37679481506347656,0.16827930510044098,0.2653769552707672,0.29358264803886414,0.14837317168712616,0.31186455488204956,0.46613848209381104,0.13305822014808655,0.27702414989471436,0.4254685044288635
71,9.070096238454182,0.07783158868551254,0.08574815839529037,0.09036285430192947,0.09504825621843338,0.10706877708435059,0.09114053845405579,0.14965566992759705,0.2560111880302429,0.32161176204681396,0.16959621012210846,0.2708541750907898,0.32466015219688416,0.14019909501075745,0.26913022994995117,0.3984984755516052,0.17284157872200012,0.274740070104599,0.32057562470436096,0.14978019893169403,0.3094979226589203,0.4822443425655365,0.13645607233047485,0.28024259209632874,0.4322921931743622
72,8.393065245946248,0.0717664286494255,0.08009655028581619,0.0843905583024025,0.08299172669649124,0.10164209455251694,0.08646037429571152,0.14012500643730164,0.24702753126621246,0.3098192811012268,0.16111983358860016,0.259494811296463,0.2970016896724701,0.135480135679245,0.261380136013031,0.35717085003852844,0.1593966782093048,0.257627934217453,0.31108149886131287,0.1437090039253235,0.3025018870830536,0.4574560225009918,0.13044650852680206,0.275086909532547,0.41901475191116333
73,8.571572383244833,0.07389422506093979,0.0815693661570549,0.0832308754324913,0.0880511924624443,0.1009262427687645,0.08965180069208145,0.14548824727535248,0.249520942568779,0.32912304997444153,0.1664106845855713,0.2647680938243866,0.31268370151519775,0.13547028601169586,0.2581597566604614,0.3784075975418091,0.16678771376609802,0.26488491892814636,0.33894142508506775,0.14515013992786407,0.30241820216178894,0.4994603991508484,0.13489621877670288,0.2816554307937622,0.46293196082115173
74,8.849570854504902,0.07604760676622391,0.08533010631799698,0.08034957200288773,0.09156012535095215,0.11004568636417389,0.09042985737323761,0.14867673814296722,0.2541937232017517,0.31906357407569885,0.17048023641109467,0.269736647605896,0.3273065984249115,0.13196071982383728,0.25571319460868835,0.35170987248420715,0.16954484581947327,0.26974886655807495,0.29630497097969055,0.1514894664287567,0.313932865858078,0.48441770672798157,0.13617725670337677,0.2821696996688843,0.44873327016830444
75,8.645952796936035,0.0778207778930664,0.08013252168893814,0.08773630112409592,0.0941237136721611,0.0985492467880249,0.0820172131061554,0.14828850328922272,0.2540903389453888,0.345472514629364,0.16265030205249786,0.2605857253074646,0.3184276819229126,0.13817152380943298,0.2630605399608612,0.38739120960235596,0.1728413850069046,0.27251875400543213,0.3089675307273865,0.1427304744720459,0.3003435432910919,0.46227750182151794,0.1288808286190033,0.26765114068984985,0.41009780764579773
76,8.695922581354777,0.07630625367164612,0.07969862967729568,0.08221864700317383,0.08965246379375458,0.1051713228225708,0.09209028631448746,0.1470622569322586,0.2509520947933197,0.3158091902732849,0.1649891585111618,0.2626659572124481,0.3223966062068939,0.134919211268425,0.25604528188705444,0.36659085750579834,0.16971533000469208,0.26914986968040466,0.29278990626335144,0.14846868813037872,0.30819758772850037,0.509157657623291,0.13623084127902985,0.284791499376297,0.44194307923316956
77,8.429447277386982,0.07600308954715729,0.07898859679698944,0.08261590451002121,0.08377789705991745,0.10059967637062073,0.08691810071468353,0.14425323903560638,0.25207456946372986,0.32836440205574036,0.16060808300971985,0.25702089071273804,0.3255181312561035,0.13078099489212036,0.25546708703041077,0.3725954294204712,0.15744434297084808,0.2583162784576416,0.2929476499557495,0.14394640922546387,0.3007003366947174,0.45699241757392883,0.13038335740566254,0.276767760515213,0.4130120277404785
78,8.286435135205586,0.07286223769187927,0.07713355869054794,0.08534912019968033,0.08407000452280045,0.0988796278834343,0.08211981505155563,0.14539118111133575,0.24855418503284454,0.31381991505622864,0.15981557965278625,0.25500476360321045,0.2961275279521942,0.13749748468399048,0.26291242241859436,0.38885924220085144,0.16073454916477203,0.2567405700683594,0.2949034869670868,0.14459630846977234,0.2997208535671234,0.49536341428756714,0.12980061769485474,0.2690344452857971,0.4413794279098511
79,12.225007695737093,0.1355385035276413,0.16762900352478027,0.1062287762761116,0.1835334151983261,0.13054566085338593,0.10555002093315125,0.1849212795495987,0.2980602979660034,0.37134119868278503,0.22522707283496857,0.33069783449172974,0.3706880509853363,0.15055876970291138,0.28231239318847656,0.38898757100105286,0.23014535009860992,0.33489683270454407,0.3639313876628876,0.1640821397304535,0.3383418023586273,0.5294942259788513,0.1418311446905136,0.29324761033058167,0.46492913365364075
